name,CountryCode,id,lat,lon,1961 green,1962 green,1963 green,1964 green,1965 green,1966 green,1967 green,1968 green,1969 green,1970 green,1971 green,1972 green,1973 green,1974 green,1975 green,1976 green,1977 green,1978 green,1979 green,1980 green,1981 green,1982 green,1983 green,1984 green,1985 green,1986 green,1987 green,1988 green,1989 green,1990 green,1991 green,1992 green,1993 green,1994 green,1995 green,1996 green,1997 green,1998 green,1999 green,2000 green,2001 green,2002 green,2003 green,2004 green,2005 green,2006 green,2007 green,2008 green,2009 green,2010 green,2011 green,2012 green,1961 blue,1962 blue,1963 blue,1964 blue,1965 blue,1966 blue,1967 blue,1968 blue,1969 blue,1970 blue,1971 blue,1972 blue,1973 blue,1974 blue,1975 blue,1976 blue,1977 blue,1978 blue,1979 blue,1980 blue,1981 blue,1982 blue,1983 blue,1984 blue,1985 blue,1986 blue,1987 blue,1988 blue,1989 blue,1990 blue,1991 blue,1992 blue,1993 blue,1994 blue,1995 blue,1996 blue,1997 blue,1998 blue,1999 blue,2000 blue,2001 blue,2002 blue,2003 blue,2004 blue,2005 blue,2006 blue,2007 blue,2008 blue,2009 blue,2010 blue,2011 blue,2012 blue
Afghanistan,2,4,33,65,21933,33544,47335,33544,32254,26205,29801,30562,37013,32656,27094,24915,46446,62330,68781,68379,58703,56767,45156,27982,25803,19353,21531,29272,23223,24099,16772,19207,15080,12013,28384,28384,28384,28384,28384,28384,28384,28384,28384,23868,23868,23868,14002,11880,14002,13577,14872,14850,18190,14002,14002,14850,340388,520594,734612,520594,500571,406690,462505,474315,574429,506805,420480,386667,720823,967330,1067444,1061211,911040,881005,700800,434269,400457,300343,334155,454292,360411,374000,260297,298078,234041,186439,440503,440503,440503,440503,440503,440503,440503,440503,440503,370423,370423,370423,217301,184377,217301,210717,230807,230471,282308,217301,217301,230471
Albania,3,8,41,20,69339,69546,86778,86787,104934,105205,93416,53820,63989,64361,57664,70478,84574,85710,86992,89410,92552,95115,101064,68617,89120,89410,66924,83727,111750,107410,98585,60288,73453,50967,3917,4182,783,796,1168,1937,3218,3375,3341,3779,3545,2609,3873,3979,4117,3967,3348,2559,3109,3107,3072,3063,8769,8795,10975,10976,13271,13305,11814,6806,8092,8140,7293,8913,10696,10840,11002,11307,11705,12029,12781,8678,11271,11307,8464,10589,14133,13584,12468,7624,9289,6446,495,529,99,101,148,245,407,427,423,478,448,330,490,503,521,502,423,324,393,393,388,387
Algeria,4,12,28,3,15430,15076,15076,15519,17348,12104,13115,14459,14222,3862,6767,10910,11617,4627,5571,3705,390,587,355,355,368,368,368,368,368,368,368,368,368,366,330,555529,397,366,555407,354,440,379,366,348,397,342,305,553412,397,287,293,238,244,379,428,435,,,,,,,,,,,,,,,,,,,,,,,,,,,,,,,,,,,,,,,,,,,,,,,,,,,,
American Samoa,5,16,-14.3333,-170,,,,,,,,,,,,,,,,,,,,,,,,,,,,,,,,,,,,,,,,,,,,,,,,,,,,,,,,,,,,,,,,,,,,,,,,,,,,,,,,,,,,,,,,,,,,,,,,,,,,,,,,
Andorra,6,20,42.5,41791,,,,,,,,,,,,,,,,,,,,,,,,,,,,,,,,,,,,,,,,,,,,,,,,,,,,,,,,,,,,,,,,,,,,,,,,,,,,,,,,,,,,,,,,,,,,,,,,,,,,,,,,
Angola,7,24,-11.2026920,17.8738870,55462,87695,58519,58024,83180,91903,125761,204975,299539,388845,371964,223022,327061,436340,166283,166283,153492,166283,153492,12791,25582,51164,51164,51164,51164,51164,51164,51164,51164,51019,51459,52559,51822,55825,52894,53496,55184,55261,51205,51061,13093,12285,11587,12114,12902,12791,12791,12791,12791,12791,14527,14527,,,,,,,,,,,,,,,,,,,,,,,,,,,,,,,,,,,,,,,,,,,,,,,,,,,,
Anguilla,258,660,18.25,-63.1667,,,,,,,,,,,,,,,,,,,,,,,,,,,,,,,,,,,,,,,,,,,,,,,,,,,,,,,,,,,,,,,,,,,,,,,,,,,,,,,,,,,,,,,,,,,,,,,,,,,,,,,,
Antigua and Barbuda,8,28,41776,-61.8,1282,849,698,438,499,976,819,529,544,644,699,899,1164,688,949,828,749,791,499,160,60,40,50,200,743,555,555,505,405,382,324,342,303,234,255,224,201,224,217,248,271,285,303,303,303,303,300,303,282,288,293,305,98,65,53,33,38,74,62,40,41,49,53,68,89,52,72,63,57,60,38,12,5,3,4,15,57,42,42,38,31,29,25,26,23,18,19,17,15,17,17,19,21,22,23,23,23,23,23,23,21,22,22,23
Argentina,9,32,-34,-64,1992839,1753860,2181891,1632162,2301783,1905821,1425670,1200473,1875039,2398547,1413319,1461165,2084965,2105102,2827291,2305213,2648682,3649065,2882504,2412867,1370067,2478350,1843679,2956007,2782387,1952324,1630356,4549167,2890806,4893191,5020499,3965739,2409870,3750534,5976964,7036486,4969888,5133154,3180211,2164616,2657964,1000499,1055372,1816092,2546880,2320404,2778537,2675954,2159946,3775572,4911566,3468798,33364,29363,36529,27326,38536,31907,23869,20098,31392,40156,23662,24463,34906,35244,47335,38594,44344,61093,48259,40396,22938,41493,30867,49489,46583,32686,27295,76162,48398,81922,84053,66394,40346,62791,100066,117805,83206,85939,53243,36240,44500,16750,17669,30405,42640,38848,46518,44801,36162,63211,82229,58075
Armenia,1,51,40,45,,,,,,,,,,,,,,,,,,,,,,,,,,,,,,,,,,,,,,,,,,,,,,,,,,,,,,,,,,,,,,,,,,,,,,,,,,,,,,,,,,,,,,,,,,,,,,,,,,,,,,,,
Aruba,22,533,12.5211100,-69.9667,,,,,,,,,,,,,,,,,,,,,,,,,,,,,,,,,,,,,,,,,,,,,,,,,,,,,,,,,,,,,,,,,,,,,,,,,,,,,,,,,,,,,,,,,,,,,,,,,,,,,,,,
Australia,10,36,-25.2743980,133.7751360,6171,5219,4268,5954,20918,42948,36163,70794,73778,60158,38949,94518,67831,67581,77212,58405,65938,103683,122312,195190,232016,315612,233677,320301,584697,612064,511106,629959,671071,714774,1036608,1257668,921314,824974,841423,962488,1393742,1521538,1639063,1692262,1866921,1623822,884332,797930,1474489,1364582,678260,303536,752051,884927,1949291,2312808,13460,11385,9309,12987,45628,93685,78884,154427,160936,131225,84961,206176,147961,147418,168426,127400,143833,226167,266805,425776,506106,688456,509728,698684,1275422,1335119,1114894,1374153,1463832,1559164,2261192,2743401,2009699,1799548,1835427,2099513,3040224,3318989,3575350,3691396,4072387,3542105,1929027,1740556,3216360,2976616,1479514,662115,1640477,1930324,4252064,5045017
Austria,11,40,47.3333,13.3333,,,,,,,,,,,,,,,,,,,,,,,,,,,,,,,,,,,,,,,,,,,,,,,,,,,,,,,,,,,,,,,,,,,,,,,,,,,,,,,,,,,,,,,,,,,,,,,,,,,,,,,,
Azerbaijan,52,31,40.5,47.5,,,,,,,,,,,,,,,,,,,,,,,,,,,,,,,,492725,420649,416679,367409,336075,187261,175293,150312,160997,126864,123904,166860,227364,330729,221083,157859,83619,48030,57574,100422,85904,,,,,,,,,,,,,,,,,,,,,,,,,,,,,,,,1290222,1101488,1091092,962076,880026,490350,459011,393597,421577,332199,324447,436930,595363,866029,578915,413362,218960,125768,150759,262959,224942
Bahamas,12,44,24.25,-76,,,,,,,,,,,,,,,,,,,,,,,,,,,,,,,,,,,,,,,,,,,,,,,,,,,,,,,,,,,,,,,,,,,,,,,,,,,,,,,,,,,,,,,,,,,,,,,,,,,,,,,,
Bahrain,13,48,26,50.55,,,,,,,,,,,,,,,,,,,,,,,,,,,,,,,,,,,,,,,,,,,,,,,,,,,,,,,,,,,,,,,,,,,,,,,,,,,,,,,,,,,,,,,,,,,,,,,,,,,,,,,,
Bangladesh,16,50,24,90,69537,69537,69537,69537,69537,61598,61598,52472,61598,27377,38784,31940,25711,24890,18639,15993,19985,26943,25118,39653,223244,234035,185803,136218,117133,88255,151845,271338,311149,357804,313593,355434,579453,283293,307704,307909,312659,296583,319397,307990,342211,326777,341081,347928,399716,408157,343342,273529,350050,329742,394081,433468,8348,8348,8348,8348,8348,7395,7395,6300,7395,3287,4656,3835,3087,2988,2238,1920,2399,3235,3016,4761,26802,28098,22307,16354,14063,10596,18230,32576,37356,42957,37649,42673,69568,34011,36942,36967,37537,35607,38346,36977,41085,39232,40949,41771,47989,49002,41221,32839,42026,39588,47312,52041
Barbados,14,52,13.1667,-59.5333,,,,,,,,,,,,,,,,,,,,,,,,,,,,,,,,,,,,,,,,,,,,,,,,,,,,,,,,,,,,,,,,,,,,,,,,,,,,,,,,,,,,,,,,,,,,,,,,,,,,,,,,
Belarus,57,112,53,28,,,,,,,,,,,,,,,,,,,,,,,,,,,,,,,,,,,,,,,,,,,,,,,,,,,,,,,,,,,,,,,,,,,,,,,,,,,,,,,,,,,,,,,,,,,,,,,,,,,,,,,,
Belgium-Luxembourg,15,58,49.6568287,6.0333955,,,,,,,,,,,,,,,,,,,,,,,,,,,,,,,,,,,,,,,,,,,,,,,,,,,,,,,,,,,,,,,,,,,,,,,,,,,,,,,,,,,,,,,,,,,,,,,,,,,,,,,,
Belgium,255,56,50.8333,4,,,,,,,,,,,,,,,,,,,,,,,,,,,,,,,,,,,,,,,,,,,,,,,,,,,,,,,,,,,,,,,,,,,,,,,,,,,,,,,,,,,,,,,,,,,,,,,,,,,,,,,,
Belize,23,84,17.25,-88.75,,,,,,,,,,,,,,,,,,,,,,,,,,,,,,,,,,,,,,,,,,,,,,,,,,,,,,,,,,,,,,,,,,,,,,,,,,,,,,,,,,,,,,,,,,,,,,,,,,,,,,,,
Benin,53,204,9.3076900,2.3158340,18037,20683,18062,31798,34577,40292,55575,107428,110521,170529,233712,252195,221389,150896,114457,102946,75630,88192,122083,81923,67897,157296,223622,433350,444100,644899,356273,575610,557427,765572,952966,865545,1462699,1317012,1688325,2181021,1999524,1919116,1648487,1916983,1855457,2290221,1952556,1981915,1610176,1006548,1049639,1018459,739548,635470,1229259,1519206,,,,,,,,,,,,,,,,,,,,,,,,,,,,,,,,,,,,,,,,,,,,,,,,,,,,
Bermuda,17,60,32.3333,-64.75,,,,,,,,,,,,,,,,,,,,,,,,,,,,,,,,,,,,,,,,,,,,,,,,,,,,,,,,,,,,,,,,,,,,,,,,,,,,,,,,,,,,,,,,,,,,,,,,,,,,,,,,
Bhutan,18,64,27.5141620,90.4336010,,,,,,,,,,,,,,,,,,,,,,,,,,,,,,,,,,,,,,,,,,,,,,,,,,,,,,,,,,,,,,,,,,,,,,,,,,,,,,,,,,,,,,,,,,,,,,,,,,,,,,,,
Bolivia (Plurinational State of),19,68,-17,-65,18442,18442,24589,30737,36884,55326,49179,67600,80942,95940,178364,280990,693096,500086,402179,225311,282514,323986,277909,122880,117736,71827,58869,43552,85965,72281,39792,66318,22747,38782,153797,174766,152534,194136,298973,467717,407437,338826,292835,264988,468535,369284,408575,496329,504928,500781,505921,486395,538441,551394,554090,540255,,,,,,,,,,,,,1,,,,,,,,,,,,,,,,,,,,,,,,,,,,,,,,,,,,,,,
Bosnia and Herzegovina,80,70,44,18,,,,,,,,,,,,,,,,,,,,,,,,,,,,,,,,,,,,,,,,,,,,,,,,,,,,,,,,,,,,,,,,,,,,,,,,,,,,,,,,,,,,,,,,,,,,,,,,,,,,,,,,
Botswana,20,72,-22,24,5423,4348,4348,10912,10865,8819,4638,4410,5551,2446,5981,4893,5182,5182,5182,5182,5182,5182,5182,5182,5182,5182,5182,5182,5182,5182,5182,5182,5182,4497,3708,2567,2355,2618,2509,2991,4237,3903,4037,4971,6460,4237,3716,3997,4176,3690,2881,3382,2392,2155,1627,1630,,,,,,,,,,,,,,,,,,,,,,,,,,,,,,,,,,,,,,,,,,,,,,,,,,,,
Brazil,21,76,-10,-55,2702100,3461645,3115480,3219669,2873504,3461645,3567747,4215335,4449742,4120742,4538149,4046243,4792420,4129425,3685200,2660662,4019389,3320931,3461475,3544657,3660113,4080402,3380484,3726073,6045950,4896389,3538202,5363206,3947342,4049970,4382697,3973973,2394980,2881161,3059704,2012076,1731717,2472437,2979750,4238075,5571619,4557766,4641531,8013947,7733312,6112393,8666294,8397211,6108502,6218766,10689919,10464831,21773,27893,25104,25943,23154,27893,28748,33966,35855,33204,36567,32603,38616,33274,29694,21439,32387,26759,27892,28562,29492,32879,27239,30024,48717,39454,28510,43215,31807,32634,35315,32021,19298,23216,24654,16213,13954,19922,24010,34149,44895,36725,37400,64574,62313,49252,69831,67662,49221,50109,86136,84323
British Virgin Islands,239,92,18.4206950,-64.6399680,,,,,,,,,,,,,,,,,,,,,,,,,,,,,,,,,,,,,,,,,,,,,,,,,,,,,,,,,,,,,,,,,,,,,,,,,,,,,,,,,,,,,,,,,,,,,,,,,,,,,,,,
Brunei Darussalam,26,96,4.5352770,114.6667,,,,,,,,,,,,,,,,,,,,,,,,,,,,,,,,,,,,,,,,,,,,,,,,,,,,,,,,,,,,,,,,,,,,,,,,,,,,,,,,,,,,,,,,,,,,,,,,,,,,,,,,
Bulgaria,27,100,43,25,88016,208705,166445,180604,160143,288683,233986,127260,166260,147607,166193,202786,155643,153025,129607,13603,53709,65292,71855,48191,52232,82289,69928,59542,57921,74351,81081,53202,52661,32376,73502,35226,20484,27648,57207,48039,36355,29076,37435,24818,37721,27873,17075,10423,5118,4296,3381,2818,1967,3498,1695,1021,16631,39435,31450,34125,30259,54547,44212,24046,31415,27890,31402,38316,29409,28914,24489,2570,10148,12337,13577,9106,9869,15548,13213,11251,10944,14049,15320,10053,9950,6118,13888,6656,3870,5224,10809,9077,6869,5494,7073,4689,7127,5267,3226,1969,967,812,639,533,372,661,320,193
Burkina Faso,233,854,13,-2,11395,32063,38972,42491,35971,80454,87115,161653,183121,116965,144520,166717,133103,157188,256059,279959,192269,311091,398848,323579,299755,398353,413264,470604,621375,903245,799971,785769,833632,1029452,961431,924670,736912,918431,845121,1152750,1935570,1830935,1545391,1377604,1629991,2186529,2236538,2533573,3412586,3786409,1960024,3497480,2485278,2666954,2130152,3029786,,,,,,,,,,,,,,,,,,,,,,,,,,,,,,,,,,,,,,,,,,,,,,,,,,,,
Burundi,29,108,-3.5,30,59544,32266,31433,43688,41444,36057,53156,52439,50533,60322,63167,35079,31685,30646,26303,20582,34306,41293,38039,37608,43882,38692,31682,43444,47996,56655,56034,53719,51736,39494,52270,38887,64364,35418,33713,18963,17433,24385,19696,18973,23217,22897,24013,35567,35144,35166,24513,21431,19204,14485,15965,13802,,,,,,,,,,,,,,,,,,,,,,,,,,,,,,,,,,,,,,,,,,,,,,,,,,,,
Cabo Verde,35,132,16.0020820,-24.0131970,,,,,,,,,,,,,,,,,,,,,,,,,,,,,,,,,,,,,,,,,,,,,,,,,,,,,,,,,,,,,,,,,,,,,,,,,,,,,,,,,,,,,,,,,,,,,,,,,,,,,,,,
Cambodia,115,116,13,105,106817,13983,13983,20974,23305,20974,30716,31462,26801,8157,583,583,583,350,350,7574,19410,13584,1398,1165,2330,2330,1165,2330,3496,11652,5826,1165,1165,1165,1165,1165,2060,1070,1048,968,967,990,1012,1012,1012,1012,1011,1012,1012,1012,1012,1012,1012,1012,1012,1012,,,,,,,,,,,,,,,,,,,,,,,,,,,,,,,,,,,,,,,,,,,,,,,,,,,,
Cameroon,32,120,6,12,104185,175084,191647,186065,244958,239791,210887,292040,393437,316038,183931,186607,120368,174233,220922,210887,178537,262189,361011,373513,358311,331117,428854,420633,514080,543314,520689,728936,494438,525843,533287,590168,580376,715784,841756,955091,794909,820988,858763,949277,1061082,997815,869671,721079,1271442,1105817,1075460,735916,559603,758943,807096,1003504,2,3,3,3,4,4,4,5,7,5,3,3,2,3,4,4,3,5,6,6,6,6,7,7,9,9,9,13,9,9,9,10,10,12,14,16,14,14,15,16,18,17,15,12,22,19,18,13,10,13,14,17
Canada,33,124,60,-95,,,,,,,,,,,,,,,,,,,,,,,,,,,,,,,,,,,,,,,,,,,,,,,,,,,,,,,,,,,,,,,,,,,,,,,,,,,,,,,,,,,,,,,,,,,,,,,,,,,,,,,,
Cayman Islands,36,132,16,-24,,,,,,,,,,,,,,,,,,,,,,,,,,,,,,,,,,,,,,,,,,,,,,,,,,,,,,,,,,,,,,,,,,,,,,,,,,,,,,,,,,,,,,,,,,,,,,,,,,,,,,,,
Central African Republic,37,140,7,21,201257,231767,198044,207522,177519,296442,356880,432442,440511,391825,336750,377997,329188,345993,243678,307686,207015,236981,221536,190125,149544,267528,246768,329434,301139,212442,167284,220693,211722,279365,172423,191581,128258,221897,266271,354179,371879,309092,169857,189061,198862,95580,6592,9793,9793,24102,27206,18282,57976,77363,77571,148475,,,,,,,,,,,,,,,,,,,,,,,,,,,,,,,,,,,,,,,,,,,,,,,,,,,,
Chad,39,148,15,19,389086,790004,880782,835768,731185,1049790,877228,1279095,995548,817017,943575,895491,986995,1231943,1491884,1242087,1046273,1153847,761673,715815,600699,886251,1384981,826264,882104,787075,1103756,1209819,1332007,1390710,1550358,1059452,856168,1360030,1387418,1928339,2324750,1421877,1650803,1341346,1606169,1633011,1132501,1872588,1730335,1017171,922503,925231,492327,403340,574867,857635,,,,,,,,,,,,,,,,,,,,,,,,,,,,,,,,,,,,,,,,,,,,,,,,,,,,
Chile,40,152,-30,-71,,,,,,,,,,,,,,,,,,,,,,,,,,,,,,,,,,,,,,,,,,,,,,,,,,,,,,,,,,,,,,,,,,,,,,,,,,,,,,,,,,,,,,,,,,,,,,,,,,,,,,,,
"China, Hong Kong SAR",96,,22.3964280,114.1094970,,,,,,,,,,,,,,,,,,,,,,,,,,,,,,,,,,,,,,,,,,,,,,,,,,,,,,,,,,,,,,,,,,,,,,,,,,,,,,,,,,,,,,,,,,,,,,,,,,,,,,,,
"China, Macao SAR",128,,22.1987450,113.5438730,,,,,,,,,,,,,,,,,,,,,,,,,,,,,,,,,,,,,,,,,,,,,,,,,,,,,,,,,,,,,,,,,,,,,,,,,,,,,,,,,,,,,,,,,,,,,,,,,,,,,,,,
"China, Taiwan Province of",214,158,23.6978100,121,1946,2850,3251,3963,3180,2475,2430,2922,2291,3773,2160,1836,1723,1254,343,257,292,439,232,312,177,143,8,8,118,118,38,63,12,8,8,,,,,,,,,,,,,,,,,,,,,,333,488,557,679,545,424,416,501,392,646,370,315,295,215,59,44,50,75,40,53,30,25,1,1,20,20,6,11,2,1,1,,,,,,,,,,,,,,,,,,,,,
"China, mainland",41,,35,105,,,,,,,,,,,,,,,,,,,,,,,,,,,,,,,,,,,,,,,,,,,,,,,,,,,,,,,,,,,,,,,,,,,,,,,,,,,,,,,,,,,,,,,,,,,,,,,,,,,,,,,,
China,351,156,35,105,3368618,3158079,5052927,7001251,8834201,9840575,9912158,9912158,8754196,9587929,8863676,8244692,10787999,10362711,10025849,8653137,8628349,9125220,9293175,11398561,12497573,15150359,19525352,26351014,17462073,14906134,17874729,17470495,15950406,18981059,23896133,18982162,15744078,18278963,20076963,17698563,19382185,18952781,16123048,18598982,22416080,20700871,20463129,26626861,24047018,28405871,32101616,31546719,26852096,25138311,27744607,28801683,577160,541088,865740,1199555,1513602,1686029,1698293,1698293,1499895,1642742,1518652,1412599,1848355,1775489,1717773,1482580,1478333,1563464,1592240,1952965,2141264,2595777,3345364,4514834,2991853,2553933,3062556,2993296,2732853,3252108,4094229,3252297,2697502,3131815,3439874,3032372,3320835,3247263,2762432,3186645,3840645,3546771,3506037,4562097,4120081,4866902,5500110,5405037,4600687,4307057,4753605,4934718
Colombia,44,170,4,-72,494646,532143,469980,427069,421679,483758,618285,772225,806596,822162,721922,931892,747113,941020,893640,911121,1043210,711634,609404,762010,775752,326745,276379,574451,750179,756038,726892,784351,706782,753991,994870,735796,451883,354608,351173,449641,236460,230874,225493,239042,245398,203849,215416,348269,330937,232613,258575,158605,179385,219903,219034,204236,15618,16802,14839,13484,13314,15274,19522,24382,25467,25959,22794,29423,23589,29711,28216,28767,32938,22469,19241,24059,24493,10317,8726,18138,23686,23871,22951,24765,22316,23806,31412,23232,14268,11196,11088,14197,7466,7290,7120,7547,7748,6436,6801,10996,10449,7344,8164,5008,5664,6943,6916,6449
Comoros,45,174,-12.1667,44.25,,,,,,,,,,,,,,,,,,,,,,,,,,,,,,,,,,,,,,,,,,,,,,,,,,,,,,,,,,,,,,,,,,,,,,,,,,,,,,,,,,,,,,,,,,,,,,,,,,,,,,,,
Congo,46,178,-1,15,,,,,,,,,,,,,,,,,,,,,,,,,,,,,,,,,,,,,,,,,,,,,,,,,,,,,,,,,,,,,,,,,,,,,,,,,,,,,,,,,,,,,,,,,,,,,,,,,,,,,,,,
Cook Islands,47,184,-21.2333,-159.7667,,,,,,,,,,,,,,,,,,,,,,,,,,,,,,,,,,,,,,,,,,,,,,,,,,,,,,,,,,,,,,,,,,,,,,,,,,,,,,,,,,,,,,,,,,,,,,,,,,,,,,,,
Costa Rica,48,188,10,-84,22138,27433,31405,59616,88007,73320,83917,62360,26358,5230,5680,2310,9667,11062,3498,32557,132531,51374,70550,76101,97096,32137,24211,23396,23125,11661,8679,21047,4557,4165,2679,2577,1998,1948,2407,2365,2030,2197,2228,2019,2532,1717,1873,1863,3939,3939,5785,8110,3474,3939,4127,4251,,,,,,,,,,,,,,,,,,,,,,,,,,,,,,,,,,,,,,,,,,,,,,,,,,,,
Croatia,98,191,45.1667,41774,,,,,,,,,,,,,,,,,,,,,,,,,,,,,,,,,,,,,,,,,,,,,,,,,,,,,,,,,,,,,,,,,,,,,,,,,,,,,,,,,,,,,,,,,,,,,,,,,,,,,,,,
Cuba,49,192,21.5217570,-77.7811670,46939,35953,35484,8820,8168,4664,10056,,,,,,,,,,,,,,,,,,,,,,,,,,,,,,,,,,,,,,,,,,,,,,3576,2739,2703,672,622,355,766,,,,,,,,,,,,,,,,,,,,,,,,,,,,,,,,,,,,,,,,,,,,,
Cyprus,50,196,35,33,207,224,235,70,210,165,270,195,350,100,125,50,5,,,10,10,15,12,7,5,3,,,,,,,,,,,,,,,,,,,,,,,,,,,,,,,721,782,817,242,730,576,940,678,1218,349,436,175,16,,,35,35,51,42,26,16,10,,,,,,,,,,,,,,,,,,,,,,,,,,,,,,
Czech Republic,167,203,49.75,41774,,,,,,,,,,,,,,,,,,,,,,,,,,,,,,,,,,,,,,,,,,,,,,,,,,,,,,,,,,,,,,,,,,,,,,,,,,,,,,,,,,,,,,,,,,,,,,,,,,,,,,,,
Czechoslovakia,51,200,13.802053,37.324219,,,,,,,,,,,,,,,,,,,,,,,,,,,,,,,,,,,,,,,,,,,,,,,,,,,,,,,,,,,,,,,,,,,,,,,,,,,,,,,,,,,,,,,,,,,,,,,,,,,,,,,,
CÃ´te d Ivoire,107,384,8,-5,19836,29425,43564,33515,41226,56896,103516,145108,185784,137767,126064,210202,229031,249047,258068,281017,327672,442411,498489,626363,592105,598500,695397,620363,934500,859976,973429,1184195,1337490,1118582,1200976,899434,1096155,1197114,969656,999891,1195704,1533892,1709885,1854830,1295567,1720710,1809007,828184,1466830,1226471,808369,548138,560346,846576,898160,1174003,,,,,,,,,,,,,,,,,,,,,,,,,,,,,,,,,,,,,,,,,,,,,,,,,,,,
Democratic People s Republic of Korea,116,408,40,127,23759,23759,23759,23759,23759,23759,23759,23759,23759,23759,23759,23759,23759,23759,23759,23759,23759,23759,23759,23759,26135,27719,30094,31678,39598,47518,58605,63357,66525,71276,75236,81828,87115,92392,79196,87115,78404,88427,75224,92393,100306,95035,95568,95035,92312,93668,105857,104137,88544,82821,83858,103926,4,4,4,4,4,4,4,4,4,4,4,4,4,4,4,4,4,4,4,4,5,5,5,6,7,8,10,11,12,13,13,15,16,16,14,16,14,16,13,16,18,17,17,17,16,17,19,19,16,15,15,19
Democratic Republic of the Congo,250,180,,25,689614,414790,456846,429034,199192,212331,264155,484971,646628,746490,630097,646262,749723,621129,578366,558968,524134,503734,200493,327035,222663,751248,836104,804628,642971,578308,481314,326489,368154,325488,330319,295736,295986,294735,291656,290430,293438,296837,287107,277222,268618,258711,249304,266734,270147,271584,272392,273847,271949,165785,161186,178732,,,,,,,,,,,,,,,,,,,,,,,,,,,,,,,,,,,,,,,,,,,,,,,,,,,,
Denmark,54,208,56,10,,,,,,,,,,,,,,,,,,,,,,,,,,,,,,,,,,,,,,,,,,,,,,,,,,,,,,,,,,,,,,,,,,,,,,,,,,,,,,,,,,,,,,,,,,,,,,,,,,,,,,,,
Djibouti,72,262,11.8251380,42.5902750,,,,,,,,,,,,,,,,,,,,,,,,,,,,,,,,,,,,,,,,,,,,,,,,,,,,,,,,,,,,,,,,,,,,,,,,,,,,,,,,,,,,,,,,,,,,,,,,,,,,,,,,
Dominica,55,212,15.4167,-61.3333,,,,,,,,,,,,,,,,,,,,,,,,,,,,,,,,,,,,,,,,,,,,,,,,,,,,,,,,,,,,,,,,,,,,,,,,,,,,,,,,,,,,,,,,,,,,,,,,,,,,,,,,
Dominican Republic,56,214,19,-70.6667,22909,24368,30830,16168,16739,10046,3046,5844,9985,13452,10757,10546,10108,6323,8918,10535,13227,10187,13482,18202,22084,20973,22403,20360,19362,17977,23856,25080,26965,24967,22744,12870,10873,7315,,,,,,,,,,,,,,,,,,,1745,1856,2349,1232,1275,765,232,445,761,1025,819,803,770,482,679,803,1008,776,1027,1387,1682,1598,1707,1551,1475,1369,1817,1911,2054,1902,1733,980,828,557,,,,,,,,,,,,,,,,,,
Ecuador,58,218,-2,-77.5,37239,41239,35022,52661,68682,66134,59126,51554,77937,28657,39156,43195,72439,154781,111256,96753,103322,103699,93744,149904,153371,91336,15204,28405,66356,129041,66971,79917,120063,135687,114591,121221,75486,47790,56295,58312,49313,30993,35009,31627,26427,12814,4084,12597,11983,11913,12137,12981,13413,13709,14179,14484,44,49,41,62,81,78,70,61,92,34,46,51,86,183,131,114,122,122,111,177,181,108,18,34,78,152,79,94,142,160,135,143,89,56,66,69,58,37,41,37,31,15,5,15,14,14,14,15,16,16,17,17
Egypt,59,818,27,30,150213,202647,197223,221669,229950,199916,190414,190527,235121,221944,223099,224257,214256,191657,166003,172265,173824,190175,208452,227473,214371,197644,172415,171102,191507,179938,156633,139035,128263,130988,128547,157714,177567,109485,103320,148703,147424,99466,99760,94658,139927,120138,85380,124243,87285,90118,93518,46344,40397,57176,74056,48638,3717824,5015602,4881345,5486390,5691358,4948002,4712814,4715610,5819339,5493204,5521793,5550437,5302927,4743583,4108629,4263636,4302214,4706897,5159263,5630054,5305757,4891772,4267347,4234831,4739866,4453546,3876731,3441159,3174572,3242014,3181590,3903486,4394850,2709796,2557202,3680459,3648808,2461813,2469110,2342820,3463240,2973452,2113198,3075073,2160326,2230448,2314617,1147021,999848,1415135,1832907,1203820
El Salvador,60,222,13.8333,-88.9167,215391,299358,365969,377915,411521,264442,197041,177201,227507,232771,279413,345819,347355,379960,377557,304335,352711,400775,335175,317901,218341,200631,201464,148263,149567,90171,52953,48754,43469,24701,18520,18810,18815,5401,8582,385,,5875,5875,5637,943,865,383,8690,6847,1545,88,298,124,298,859,1322,,,,,,,,,,,,,,,,,,,,,,,,,,,,,,,,,,,,,,,,,,,,,,,,,,,,
Equatorial Guinea,61,226,2,10,,,,,,,,,,,,,,,,,,,,,,,,,,,,,,,,,,,,,,,,,,,,,,,,,,,,,,,,,,,,,,,,,,,,,,,,,,,,,,,,,,,,,,,,,,,,,,,,,,,,,,,,
Eritrea,178,232,15,39,,,,,,,,,,,,,,,,,,,,,,,,,,,,,,,,,,,,,,,,,,,,,,,,,,,,,,,,,,,,,,,,,,,,,,,,,,,,,,,,,,,,,,,,,,,,,,,,,,,,,,,,
Estonia,63,233,59,26,,,,,,,,,,,,,,,,,,,,,,,,,,,,,,,,,,,,,,,,,,,,,,,,,,,,,,,,,,,,,,,,,,,,,,,,,,,,,,,,,,,,,,,,,,,,,,,,,,,,,,,,
Ethiopia PDR,62,230,8,38,26635,46835,29269,32052,44774,108133,137104,154223,180412,213482,132244,152099,175042,197986,197606,260346,271532,237037,237037,355556,355556,355556,263375,263375,289712,263375,263375,276543,237037,250206,158025,131687,,,,,,,,,,,,,,,,,,,,,14385,25294,15807,17310,24181,58398,74044,83290,97433,115294,71420,82143,94534,106924,106719,140603,146644,128015,128015,192022,192022,192022,142239,142239,156462,142239,142239,149350,128015,135127,85343,71119,,,,,,,,,,,,,,,,,,,,
Ethiopia,238,231,8,38,,,,,,,,,,,,,,,,,,,,,,,,,,,,,,,,,146582,191275,187341,197531,197531,197531,196042,196042,181383,258906,258906,267843,263375,548687,542966,449769,378204,238527,272075,362767,,,,,,,,,,,,,,,,,,,,,,,,,,,,,,,,,79164,103300,101176,106679,106679,106679,105874,105874,97958,139825,139825,144652,142239,296325,293235,242903,204253,128819,146937,195916
Falkland Islands (Malvinas),65,238,-51.75,-59,,,,,,,,,,,,,,,,,,,,,,,,,,,,,,,,,,,,,,,,,,,,,,,,,,,,,,,,,,,,,,,,,,,,,,,,,,,,,,,,,,,,,,,,,,,,,,,,,,,,,,,,
Faroe Islands,64,234,62,-7,,,,,,,,,,,,,,,,,,,,,,,,,,,,,,,,,,,,,,,,,,,,,,,,,,,,,,,,,,,,,,,,,,,,,,,,,,,,,,,,,,,,,,,,,,,,,,,,,,,,,,,,
Fiji,66,242,-18,175,,,,,,,,,,,,,,,,,,,,,,,,,,,,,,,,,,,,,,,,,,,,,,,,,,,,,,,,,,,,,,,,,,,,,,,,,,,,,,,,,,,,,,,,,,,,,,,,,,,,,,,,
Finland,67,246,64,26,,,,,,,,,,,,,,,,,,,,,,,,,,,,,,,,,,,,,,,,,,,,,,,,,,,,,,,,,,,,,,,,,,,,,,,,,,,,,,,,,,,,,,,,,,,,,,,,,,,,,,,,
France,68,250,46,2,,,,,,,,,,,,,,,,,,,,,,,,,,,,,,,,,,,,,,,,,,,,,,,,,,,,,,,,,,,,,,,,,,,,,,,,,,,,,,,,,,,,,,,,,,,,,,,,,,,,,,,,
French Guiana,69,254,4,-53,,,,,,,,,,,,,,,,,,,,,,,,,,,,,,,,,,,,,,,,,,,,,,,,,,,,,,,,,,,,,,,,,,,,,,,,,,,,,,,,,,,,,,,,,,,,,,,,,,,,,,,,
French Polynesia,70,258,-15,-140,,,,,,,,,,,,,,,,,,,,,,,,,,,,,,,,,,,,,,,,,,,,,,,,,,,,,,,,,,,,,,,,,,,,,,,,,,,,,,,,,,,,,,,,,,,,,,,,,,,,,,,,
Gabon,74,266,-1,27699,,,,,,,,,,,,,,,,,,,,,,,,,,,,,,,,,,,,,,,,,,,,,,,,,,,,,,,,,,,,,,,,,,,,,,,,,,,,,,,,,,,,,,,,,,,,,,,,,,,,,,,,
Gambia,75,270,13.4667,-16.5667,,,,,,,,,,154,485,606,2490,3993,3160,11173,16489,12191,13436,19931,37730,33985,11108,36942,27050,18069,12756,28074,46773,26482,31232,40977,53103,44702,28177,25601,17609,5564,4637,3008,2611,5920,6899,6503,7183,7038,7668,6814,7553,7577,8136,7427,,,,,,,,,,,,,,,,,,,,,,,,,,,,,,,,,,,,,,,,,,,,,,,,,,,,
Georgia,73,268,42,43.5,,,,,,,,,,,,,,,,,,,,,,,,,,,,,,,,,,,,,,,,,,,,,,,,,,,,,,,,,,,,,,,,,,,,,,,,,,,,,,,,,,,,,,,,,,,,,,,,,,,,,,,,
Germany,79,276,51,9,,,,,,,,,,,,,,,,,,,,,,,,,,,,,,,,,,,,,,,,,,,,,,,,,,,,,,,,,,,,,,,,,,,,,,,,,,,,,,,,,,,,,,,,,,,,,,,,,,,,,,,,
Ghana,81,288,8,-2,,,,,,,,584,1701,2644,7751,11995,10150,15876,58169,45714,48894,44398,42889,40995,31364,25683,23050,40610,8507,43971,43823,39927,51825,78966,127832,179455,254902,149924,168799,222392,256106,291010,235963,215101,129738,94963,107165,104276,134860,127258,112361,141270,145445,149184,151736,157306,,,,,,,,,,,,,,,,,,,,,,,,,,,,,,,,,,,,,,,,,,,,,,,,,,,,
Gibraltar,82,292,36.1833,-5.3667,,,,,,,,,,,,,,,,,,,,,,,,,,,,,,,,,,,,,,,,,,,,,,,,,,,,,,,,,,,,,,,,,,,,,,,,,,,,,,,,,,,,,,,,,,,,,,,,,,,,,,,,
Greece,84,300,39,22,146622,137277,154924,114267,115827,132092,144923,115671,171643,166649,182914,200097,183364,187908,185755,167100,194011,206669,162536,180850,195433,157258,208507,220920,257575,316019,299560,361422,393162,334057,302625,386314,481986,596385,650809,608858,550909,578637,650484,649082,681276,651989,548095,585974,615289,510540,432387,378403,338861,290774,368074,508455,325642,304887,344080,253782,257248,293371,321869,256902,381213,370122,406245,444408,407246,417336,412556,371123,430892,459004,360986,401661,434050,349263,463086,490656,572065,701868,665312,802706,873199,741928,672119,857990,1070473,1324549,1445424,1352251,1223549,1285132,1444702,1441587,1513089,1448043,1217300,1301428,1366535,1133891,960316,840420,752599,645798,817480,1129260
Greenland,85,304,72,-40,,,,,,,,,,,,,,,,,,,,,,,,,,,,,,,,,,,,,,,,,,,,,,,,,,,,,,,,,,,,,,,,,,,,,,,,,,,,,,,,,,,,,,,,,,,,,,,,,,,,,,,,
Grenada,86,308,12.2627760,-61.6041710,734,672,974,307,562,391,253,389,310,230,160,150,120,60,119,88,79,79,89,89,89,98,98,98,98,98,98,98,98,98,98,98,98,116,116,116,116,116,116,116,116,116,116,116,116,116,116,135,146,111,111,111,56,51,74,23,43,30,19,30,24,17,12,11,9,5,9,7,6,6,7,7,7,7,7,7,7,7,7,7,7,7,7,7,7,9,9,9,9,9,9,9,9,9,9,9,9,9,9,10,11,8,8,8
Guadeloupe,87,312,16.25,-61.5833,597,797,449,449,350,1634,3229,2888,2988,2989,1096,897,897,797,597,240,,,,,,,,,,,,,,,,,,,,,,,,,,,,,,,,,,,,,45,61,34,34,27,125,246,220,228,228,84,68,68,61,45,18,,,,,,,,,,,,,,,,,,,,,,,,,,,,,,,,,,,,
Guam,88,316,13.4667,144.7833,,,,,,,,,,,,,,,,,,,,,,,,,,,,,,,,,,,,,,,,,,,,,,,,,,,,,,,,,,,,,,,,,,,,,,,,,,,,,,,,,,,,,,,,,,,,,,,,,,,,,,,,
Guatemala,89,320,15.7834710,-90.2307590,131917,200261,337175,396752,443792,483368,347254,468009,446415,388665,341523,488525,578210,727663,640613,594825,817280,894589,969881,911656,682432,423571,335003,353346,350775,316035,164614,284044,247801,241473,228060,246281,123789,84919,43274,32437,8066,16372,4093,5898,6305,4925,5200,6330,6463,5448,6404,6122,4778,5107,5191,5044,,,,,,,,,,,,,,,,,,,,,,,,,,,,,,,,,,,,,,,,,,,,,,,,,,,,
Guinea-Bissau,175,624,12,-15,,,,,,,,,,,,,,,,,,,,11468,15079,17399,10439,17399,17399,17399,17399,16356,9296,11835,11391,5582,8554,7389,11993,12835,11095,11675,14313,14684,17344,18739,20501,17815,19498,18134,21886,20540,16566,18580,17399,17399,,,,,,,,,,,,,,,,,,,,,,,,,,,,,,,,,,,,,,,,,,,,,,,,,,,,
Guinea,90,324,11,-10,,,,,,,,,,,,,,,,,,,,,,,246,361,737,2804,3828,6954,13443,24249,60386,96490,100446,80579,79307,69324,118421,180297,241098,335133,226952,170553,177801,186904,176445,171289,172026,172763,156715,162196,172026,180050,,,,,,,,,,,,,,,,,,,,,,,,,,,,,,,,,,,,,,,,,,,,,,,,,,,,
Guyana,91,328,5,-59,,,,,,,,,,,,,,,,,,,,,,,,,,,,,,,,,,,,,,,,,,,,,,,,,,,,,,,,,,,,,,,,,,,,,,,,,,,,,,,,,,,,,,,,,,,,,,,,,,,,,,,,
Haiti,93,332,19,-72.4167,14890,11653,10035,9711,11329,9711,7283,3237,4046,5665,9711,9711,9684,9684,9684,9684,11824,16094,18094,12912,18351,17386,19368,19493,19368,12912,8070,8070,8070,7491,7080,7447,6456,5810,4842,4618,3406,3502,4842,4797,3874,4519,4565,4604,4638,4675,4842,3874,3154,3608,3876,3874,1134,888,764,740,863,740,555,247,308,432,740,740,738,738,738,738,901,1226,1378,984,1398,1324,1475,1485,1475,984,615,615,615,571,539,567,492,443,369,352,259,267,369,365,295,344,348,351,353,356,369,295,240,275,295,295
Holy See,94,336,41.9,16772,,,,,,,,,,,,,,,,,,,,,,,,,,,,,,,,,,,,,,,,,,,,,,,,,,,,,,,,,,,,,,,,,,,,,,,,,,,,,,,,,,,,,,,,,,,,,,,,,,,,,,,,
Honduras,95,340,15,-86.5,11509,32826,42155,62435,101127,99620,87596,73526,67516,28123,17991,19859,37368,45683,45106,27461,56492,100741,77134,66510,55466,56877,38481,53181,42534,27329,25228,25674,18208,13847,14403,12034,14403,14403,14403,5716,10168,6247,5792,3526,5506,5510,5510,5510,5510,5510,5510,6254,6712,7177,7458,7451,165,471,604,895,1450,1428,1256,1054,968,403,258,285,536,655,647,394,810,1445,1106,954,795,816,552,763,610,392,362,368,261,199,207,173,207,207,207,82,146,90,83,51,79,79,79,79,79,79,79,90,96,103,107,107
Hungary,97,348,47,20,,,,,,,,,,,,,,,,,,,,,,,,,,,,,,,,,,,,,,,,,,,,,,,,,,,,,,,,,,,,,,,,,,,,,,,,,,,,,,,,,,,,,,,,,,,,,,,,,,,,,,,,
Iceland,99,352,65,-18,,,,,,,,,,,,,,,,,,,,,,,,,,,,,,,,,,,,,,,,,,,,,,,,,,,,,,,,,,,,,,,,,,,,,,,,,,,,,,,,,,,,,,,,,,,,,,,,,,,,,,,,
India,100,356,20,77,16830713,20429163,21666589,20313190,18980907,18980907,21875274,20218333,20028620,18162995,23949583,22159843,22825985,24558810,22083958,20429163,23456329,25758294,24921411,24596753,25503649,24370565,20669240,27530530,28246246,22348088,20655351,28298078,36963675,31850568,31439072,36906908,34763466,38475598,41624756,46058622,35119517,39767589,37314644,31239873,32355307,27911809,44435875,53170593,59875030,73242237,83769845,72097522,77741215,108195427,114592455,101285329,4840347,5875226,6231097,5841873,5458722,5458722,6291113,5814593,5760034,5223498,6887664,6372952,6564528,7062872,6351128,5875226,6745809,7407831,7167152,7073783,7334598,7008734,5944270,7917509,8123342,6427090,5940275,8138248,10630388,9159909,9041567,10614062,9997630,11065202,11970869,13246005,10100026,11436766,10731323,8984279,9305067,8027161,12779319,15291338,17219468,21063745,24091381,20734536,22357606,31115937,32955659,29128661
Indonesia,101,360,-5,120,15293,20391,10195,16516,16516,16516,16516,16516,16027,15808,10909,10002,13305,31809,26258,13504,7978,4608,26523,71474,79110,99404,101800,60152,229903,270317,119335,110777,111638,58934,68527,64587,70205,72692,38400,39303,35581,27206,20589,19300,35999,32915,17536,16093,11424,8294,20391,19667,16032,23449,16756,16822,,,,,,,,,,,,,,,,,,,,,,,,,,,,,,,,,,,,,,,,,,,,,,,,,,,,
Iran (Islamic Republic of),102,364,32,53,76714,62115,82671,80488,100783,76212,77837,110019,109619,102607,97214,134496,130965,151487,93183,103876,116504,88190,64731,38761,51631,64792,60530,74398,70096,74411,71347,78418,78059,82604,80927,68243,59930,82407,110748,120443,91135,93761,93862,106284,87229,73130,75538,89713,77125,59299,65063,61900,52944,48557,49446,44396,1346133,1089950,1450667,1412351,1768482,1337323,1365840,1930543,1923532,1800494,1705854,2360060,2298094,2658209,1635121,1822754,2044338,1547504,1135869,680150,905989,1136940,1062151,1305501,1230007,1305715,1251963,1376035,1369729,1449478,1420058,1197495,1051617,1446031,1943346,2113464,1599181,1645255,1647030,1865001,1530636,1283245,1325492,1574230,1353350,1040544,1141686,1086183,929029,852047,867642,779033
Iraq,103,368,33,44,14656,15255,9077,18054,18875,17305,21458,24797,26206,28613,26330,30513,28499,25429,24226,21858,16259,9001,10719,9329,8228,8644,7314,6639,6732,12531,13270,11407,13457,17473,7134,5053,21190,18118,11220,16830,29920,43011,48832,20570,41856,59242,26692,22652,18674,16098,18446,7374,15289,28749,22102,22808,114512,119191,70917,141062,147473,135205,167654,193743,204755,223560,205722,238402,222669,198682,189281,170782,127032,70329,83752,72889,64288,67541,57148,51869,52599,97911,103681,89127,105142,136516,55742,39477,165558,141561,87666,131498,233775,336051,381537,160720,327028,462870,208553,176984,145905,125780,144126,57617,119453,224625,172687,178201
Ireland,104,372,53,-8,,,,,,,,,,,,,,,,,,,,,,,,,,,,,,,,,,,,,,,,,,,,,,,,,,,,,,,,,,,,,,,,,,,,,,,,,,,,,,,,,,,,,,,,,,,,,,,,,,,,,,,,
Israel,105,376,31.0460510,34.8516120,11772,13015,10925,12666,17523,20218,23332,26758,31609,28817,29775,32716,30331,40781,39932,43631,52414,64762,61318,63694,77324,71469,75599,70655,80727,56458,48272,51043,37582,41698,17416,23621,22029,25853,34846,42768,43414,40850,20062,13180,17646,15193,14522,20187,14824,17408,14938,7191,5788,5720,13568,11486,42815,47334,39733,46066,63729,73529,84854,97316,114958,104802,108286,118983,110308,148315,145227,158680,190622,235528,223003,231643,281215,259922,274941,256959,293590,205327,175557,185636,136681,151649,63340,85906,80117,94023,126728,155539,157888,148566,72961,47935,64174,55253,52812,73418,53913,63310,54327,26153,21049,20804,49346,41774
Italy,106,380,42.8333,2349941,5924,4420,5958,5444,4997,2919,2722,1959,2047,1192,1418,983,947,1054,790,684,672,479,431,538,93,67,12,9,22,26,50,48,44,44,,,,,,,,,,,,,,,,,,,,,,,32015,23887,32199,29420,27007,15776,14712,10590,11064,6441,7664,5312,5120,5698,4270,3694,3630,2587,2329,2910,504,364,63,48,119,143,268,262,238,238,,,,,,,,,,,,,,,,,,,,,,
Jamaica,109,388,18.25,-77.5,,,,,,,,,,,,,,,,,,,,,,,,,,,,,,,,,,,,,,,,,,,,,,,,,,,,,,,,,,,,,,,,,,,,,,,,,,,,,,,,,,,,,,,,,,,,,,,,,,,,,,,,
Japan,110,392,36,138,,,,,,,,,,,,,,,,,,,,,,,,,,,,,,,,,,,,,,,,,,,,,,,,,,,,,,,,,,,,,,,,,,,,,,,,,,,,,,,,,,,,,,,,,,,,,,,,,,,,,,,,
Jordan,112,400,31,36,,,,,,,,,,,,,,,,,,,,,,,,,,,,,,,,,,,,,,,,,,,,,,,,,,,,,,,,,,,,,,,,,,,,,,,,,,,,,,,,,,,,,,,,,,,,,,,,,,,,,,,,
Kazakhstan,108,398,48,68,,,,,,,,,,,,,,,,,,,,,,,,,,,,,,,,234509,185381,213222,213524,227361,203036,186032,210967,292844,358820,289612,396472,431189,470157,436813,353664,337230,287053,271250,335007,396068,,,,,,,,,,,,,,,,,,,,,,,,,,,,,,,,396367,313331,360388,360898,384285,343171,314430,356576,494965,606477,489502,670116,728795,794659,738300,597763,569985,485177,458467,566229,669434
Kenya,114,404,1,38,56808,32500,53695,62338,83969,82820,78266,93434,111359,91237,109109,110511,105262,97787,104925,102789,135122,176928,179619,248159,165889,158535,167923,148397,247328,177732,151278,123664,182242,177598,197410,109464,105971,118562,158231,216732,143979,151645,153618,129727,157785,129727,129727,129727,129727,145505,162158,98170,96420,76920,142007,74948,2697,1543,2549,2959,3986,3932,3715,4435,5286,4331,5180,5246,4997,4642,4981,4880,6414,8399,8527,11780,7875,7526,7972,7045,11741,8437,7181,5870,8651,8431,9371,5196,5031,5628,7511,10289,6835,7199,7292,6158,7490,6158,6158,6158,6158,6907,7698,4660,4577,3652,6741,3558
Kiribati,83,296,-3.3704170,-168.7340390,,,,,,,,,,,,,,,,,,,,,,,,,,,,,,,,,,,,,,,,,,,,,,,,,,,,,,,,,,,,,,,,,,,,,,,,,,,,,,,,,,,,,,,,,,,,,,,,,,,,,,,,
Kuwait,118,414,29.3375,47.6581,,,,,,,,,,,,,,,,,,,,,,,,,,,,,,,,,,,,,,,,,,,,,,,,,,,,,,,,,,,,,,,,,,,,,,,,,,,,,,,,,,,,,,,,,,,,,,,,,,,,,,,,
Kyrgyzstan,113,417,41,75,,,,,,,,,,,,,,,,,,,,,,,,,,,,,,,,34047,31203,38850,43675,49726,54505,52624,57660,65949,74842,79390,81183,92781,90461,89971,70373,72833,37602,56596,75970,64920,,,,,,,,,,,,,,,,,,,,,,,,,,,,,,,,51811,47483,59119,66462,75671,82943,80080,87744,100357,113890,120812,123540,141189,137659,136913,107089,110833,57221,86125,115606,98792
Lao People s Democratic Republic,120,418,18,105,7241,7241,7241,7241,8689,8930,8689,12068,13033,14481,16026,10620,9172,10137,8689,10977,11706,5962,12116,23653,24343,24860,23981,24618,14019,12551,19309,20757,21448,23785,22924,25598,28713,28543,42514,32789,33790,36204,20564,22205,16322,14212,8727,10621,9654,11419,13052,10805,11028,7946,8893,9190,494,494,494,494,593,610,593,824,890,988,1094,725,626,692,593,749,799,407,827,1614,1662,1697,1637,1680,957,857,1318,1417,1464,1623,1565,1747,1960,1948,2902,2238,2306,2471,1404,1516,1114,970,596,725,659,779,891,737,753,542,607,627
Latvia,119,428,57,25,,,,,,,,,,,,,,,,,,,,,,,,,,,,,,,,,,,,,,,,,,,,,,,,,,,,,,,,,,,,,,,,,,,,,,,,,,,,,,,,,,,,,,,,,,,,,,,,,,,,,,,,
Lebanon,121,422,33.8333,35.8333,,,,,,,,,,,,,,,,,,,,,,,,,,,,,,,,,,,,,,,,,,,,,,,,,,,,,,,,,,,,,,,,,,,,,,,,,,,,,,,,,,,,,,,,,,,,,,,,,,,,,,,,
Lesotho,122,426,-29.5,41787,,,,,,,,,,,,,,,,,,,,,,,,,,,,,,,,,,,,,,,,,,,,,,,,,,,,,,,,,,,,,,,,,,,,,,,,,,,,,,,,,,,,,,,,,,,,,,,,,,,,,,,,
Liberia,123,430,6.4280550,-9.4294990,,,,,,,,,,,,,,,,,,,,,,,,,,,,,,,,,,,,,,,,,,,,,,,,,,,,,,,,,,,,,,,,,,,,,,,,,,,,,,,,,,,,,,,,,,,,,,,,,,,,,,,,
Libya,124,434,25,17,,,,,,,,,,,,,,,,,,,,,,,,,,,,,,,,,,,,,,,,,,,,,,,,,,,,,,,,,,,,,,,,,,,,,,,,,,,,,,,,,,,,,,,,,,,,,,,,,,,,,,,,
Liechtenstein,125,438,47.1667,1254123,,,,,,,,,,,,,,,,,,,,,,,,,,,,,,,,,,,,,,,,,,,,,,,,,,,,,,,,,,,,,,,,,,,,,,,,,,,,,,,,,,,,,,,,,,,,,,,,,,,,,,,,
Lithuania,126,440,56,24,,,,,,,,,,,,,,,,,,,,,,,,,,,,,,,,,,,,,,,,,,,,,,,,,,,,,,,,,,,,,,,,,,,,,,,,,,,,,,,,,,,,,,,,,,,,,,,,,,,,,,,,
Luxembourg,256,442,49.75,-84948,,,,,,,,,,,,,,,,,,,,,,,,,,,,,,,,,,,,,,,,,,,,,,,,,,,,,,,,,,,,,,,,,,,,,,,,,,,,,,,,,,,,,,,,,,,,,,,,,,,,,,,,
Madagascar,129,450,-20,47,9520,11014,17287,18721,23562,24238,37006,47642,69128,83651,94313,99509,124849,135684,125239,141548,151128,134889,134486,102392,122863,109428,113138,148700,183253,214431,116476,139578,179115,140745,115187,89776,120689,130828,108526,125130,164920,175237,158761,126452,123629,34846,40810,49648,36212,65454,57119,54318,51084,57119,57119,63155,2667,3085,4842,5244,6600,6790,10366,13346,19365,23433,26419,27875,34973,38009,35083,39651,42335,37786,37673,28683,34417,30654,31693,41655,51334,60068,32628,39099,50175,39426,32267,25148,33808,36648,30401,35052,46198,49088,44473,35423,34632,9761,11432,13908,10144,18335,16001,15216,14310,16001,16001,17691
Malawi,130,454,-13.5,34,61654,104439,58144,75184,122042,77545,71812,69521,108178,129102,133655,131425,97051,128646,108603,107325,135620,154656,173992,115998,163069,111024,66018,163852,231745,182125,105338,146953,176022,166127,214780,67827,228099,84981,341944,415421,226285,183486,260935,185695,190335,195844,198653,277152,264329,304935,334867,386394,365331,149934,267408,1237067,,,,,,,,,,,,,,,,,,,,,,,,,,,,,,,,,,,,,,,,,,,,,,,,,,,,
Malaysia,131,458,4.2104840,101.9757660,,,,,,,,,,,,,,,,,,,,,,,,,,,,,,,,,,,,,,,,,,,,,,,,,,,,,,,,,,,,,,,,,,,,,,,,,,,,,,,,,,,,,,,,,,,,,,,,,,,,,,,,
Maldives,132,462,3.2027780,73.2206800,,,,,,,,,,,,,,,,,,,,,,,,,,,,,,,,,,,,,,,,,,,,,,,,,,,,,,,,,,,,,,,,,,,,,,,,,,,,,,,,,,,,,,,,,,,,,,,,,,,,,,,,
Mali,133,466,17,-4,37915,58401,74593,104489,78346,105010,146922,202526,209437,264473,334021,323632,252161,298093,485701,590850,562819,633886,750632,537390,498985,655385,714730,730193,884555,1030441,991406,1275288,1261827,1479840,1474218,1726769,1298051,1630315,2144438,2408187,2708808,2710634,2420743,1237380,2931889,2307597,3271212,3054147,2515696,1807443,1040706,917986,997573,1117569,1755084,2050246,,,,,,,,,,,,,,,,,,,,,,,,,,,,,,,,,,,,,,,,,,,,,,,,,,,,
Malta,134,470,35.8333,14.5833,,,,,,,,,,,,,,,,,,,,,,,,,,,,,,,,,,,,,,,,,,,,,,,,,,,,,,,,,,,,,,,,,,,,,,,,,,,,,,,,,,,,,,,,,,,,,,,,,,,,,,,,
Marshall Islands,127,584,9,168,,,,,,,,,,,,,,,,,,,,,,,,,,,,,,,,,,,,,,,,,,,,,,,,,,,,,,,,,,,,,,,,,,,,,,,,,,,,,,,,,,,,,,,,,,,,,,,,,,,,,,,,
Martinique,135,474,14.6667,-61,,,,,,,,,,,,,,,,,,,,,,,,,,,,,,,,,,,,,,,,,,,,,,,,,,,,,,,,,,,,,,,,,,,,,,,,,,,,,,,,,,,,,,,,,,,,,,,,,,,,,,,,
Mauritania,136,478,20,-12,,,,,,,,,,,,,,,,,,,,,,,,,,,,,,,,,,,,,,,,,,,,,,,,,,,,,,,,,,,,,,,,,,,,,,,,,,,,,,,,,,,,,,,,,,,,,,,,,,,,,,,,
Mauritius,137,480,-20.2833,57.55,,,,,,,,,,,,,,,,,,,,,,,,,,,,,,,,,,,,,,,,,,,,,,,,,,,,,,,,,,,,,,,,,,,,,,,,,,,,,,,,,,,,,,,,,,,,,,,,,,,,,,,,
Mayotte,270,175,-12.8333,45.1667,,,,,,,,,,,,,,,,,,,,,,,,,,,,,,,,,,,,,,,,,,,,,,,,,,,,,,,,,,,,,,,,,,,,,,,,,,,,,,,,,,,,,,,,,,,,,,,,,,,,,,,,
Mexico,138,484,23,-102,971469,1053333,1164269,1270365,1297555,1170834,1110077,1327501,887470,749106,883223,931424,867666,1147135,457405,497866,931968,815878,778562,826725,716280,377375,507865,643434,481643,319539,586136,695146,359905,442348,447344,72351,59260,265035,487233,596361,469219,549708,335650,174439,215735,96066,148483,305951,308228,323013,303536,279716,202922,347526,604629,485681,2549202,2764018,3055122,3333526,3404875,3072351,2912919,3483453,2328783,1965706,2317639,2444120,2276815,3010161,1200262,1306436,2445548,2140919,2043000,2169383,1879567,990258,1332674,1688416,1263864,838492,1538062,1824110,944415,1160752,1173863,189853,155501,695469,1278533,1564891,1231262,1442473,880768,457740,566103,252085,389630,802838,808811,847609,796499,733995,532483,911932,1586589,1274461
Micronesia (Federated States of),145,583,7.4255540,150.5508120,,,,,,,,,,,,,,,,,,,,,,,,,,,,,,,,,,,,,,,,,,,,,,,,,,,,,,,,,,,,,,,,,,,,,,,,,,,,,,,,,,,,,,,,,,,,,,,,,,,,,,,,
Monaco,140,492,43.7333,41736,,,,,,,,,,,,,,,,,,,,,,,,,,,,,,,,,,,,,,,,,,,,,,,,,,,,,,,,,,,,,,,,,,,,,,,,,,,,,,,,,,,,,,,,,,,,,,,,,,,,,,,,
Mongolia,141,496,46,105,,,,,,,,,,,,,,,,,,,,,,,,,,,,,,,,,,,,,,,,,,,,,,,,,,,,,,,,,,,,,,,,,,,,,,,,,,,,,,,,,,,,,,,,,,,,,,,,,,,,,,,,
Montenegro,273,499,42,19,,,,,,,,,,,,,,,,,,,,,,,,,,,,,,,,,,,,,,,,,,,,,,,,,,,,,,,,,,,,,,,,,,,,,,,,,,,,,,,,,,,,,,,,,,,,,,,,,,,,,,,,
Montserrat,142,500,16.75,-62.2,888,699,799,699,644,286,494,515,158,229,307,100,71,21,71,71,71,82,30,19,109,70,60,59,59,59,60,60,60,93,86,57,42,41,56,61,55,70,58,65,76,64,84,85,80,81,73,60,50,43,44,43,68,53,61,53,49,22,38,39,12,17,23,8,5,2,5,5,5,6,2,1,8,5,5,4,4,4,5,5,5,7,7,4,3,3,4,5,4,5,4,5,6,5,6,6,6,6,6,5,4,3,3,3
Morocco,143,504,32,-5,3087,6655,9845,11936,16550,20275,11936,12966,14397,12428,18018,18315,12396,12005,10460,14579,11779,8082,10508,11936,14251,13875,14927,8477,15050,16794,22062,18706,19901,19464,14216,5793,471,2055,511,2028,2234,1262,539,308,268,448,93,134,181,146,146,146,141,141,141,128,9429,20326,30072,36457,50549,61929,36457,39602,43973,37961,55036,55941,37862,36667,31949,44530,35978,24687,32096,36457,43527,42381,45592,25892,45968,51294,67385,57137,60786,59452,43420,17694,1438,6277,1562,6193,6823,3856,1648,941,817,1369,285,409,552,446,446,446,432,432,432,390
Mozambique,144,508,-18.25,35,1068268,1231503,830662,1163096,820531,1137261,1279179,1224208,1309500,1320313,1009415,1290301,1007585,1013705,1129229,811291,492535,696094,376519,608223,695112,521334,231704,202741,28963,116016,260667,202905,260667,231704,382311,475321,448926,484009,492371,492371,692215,868890,868890,327822,1016981,1185040,771267,1321092,1109383,1545256,1602792,1798981,1798981,561065,1038071,2538915,,,,,,,,,,,,,,,,,,,,,,,,,,,,,,,,,,,,,,,,,,,,,,,,,,,,
Myanmar,28,104,22,98,310882,429514,489729,472138,605239,410747,378250,440923,292785,306940,380539,383021,389999,335993,381342,330984,283721,370516,461396,441557,657593,845363,863921,920379,1113909,878661,695453,639277,526905,550595,545623,561596,606465,380982,760909,1452088,1491994,1454430,1406064,1561625,1357265,1252603,1406000,1650671,1572757,1700011,1700011,1753325,2286462,3539336,4748161,3558695,257,355,405,391,501,340,313,365,242,254,315,317,323,278,315,274,235,307,382,365,544,699,715,761,922,727,575,529,436,456,451,465,502,315,630,1201,1234,1203,1163,1292,1123,1036,1163,1366,1301,1406,1406,1451,1892,2928,3928,2944
Namibia,147,516,-22,17,,,,,,,,,,,,,,,,,,,,,,,,,,,,,,457,772,952,1287,1930,3861,6402,6434,10295,16205,18982,12332,5450,4958,30445,325,756,98091,,,,,,,,,,,,,,,,,,,,,,,,,,,,,,,,,,,68,114,141,190,286,571,947,952,1523,2398,2808,1825,806,734,4505,48,112,14513,,,,,
Nauru,148,520,-0.5333,166.9167,,,,,,,,,,,,,,,,,,,,,,,,,,,,,,,,,,,,,,,,,,,,,,,,,,,,,,,,,,,,,,,,,,,,,,,,,,,,,,,,,,,,,,,,,,,,,,,,,,,,,,,,
Nepal,149,524,28,84,,,,,,,,,,,,,,,,,,,,,,,,,,,,,,13767,14914,14168,17816,33350,29151,30401,18401,8076,7778,8535,5266,1721,700,645866,1174567,654,516,792,677,1250,1549,1526,,,,,,,,,,,,,,,,,,,,,,,,,,,,,,2,2,2,2,5,4,4,3,1,1,1,1,,,89,162,,,,,,,
Netherlands Antilles,151,530,12.2260790,-69.0600870,,,,,,,,,,,,,,,,,,,,,,,,,,,,,,,,,,,,,,,,,,,,,,,,,,,,,,,,,,,,,,,,,,,,,,,,,,,,,,,,,,,,,,,,,,,,,,,,,,,,,,,,
Netherlands,150,528,52.5,27515,,,,,,,,,,,,,,,,,,,,,,,,,,,,,,,,,,,,,,,,,,,,,,,,,,,,,,,,,,,,,,,,,,,,,,,,,,,,,,,,,,,,,,,,,,,,,,,,,,,,,,,,
New Caledonia,153,540,-21.5,165.5,,,,,,,,,,,,,,,,,,,,,,,,,,,,,,,,,,,,,,,,,,,,,,,,,,,,,,,,,,,,,,,,,,,,,,,,,,,,,,,,,,,,,,,,,,,,,,,,,,,,,,,,
New Zealand,156,554,-41,174,,,,,,,,,,,,,,,,,,,,,,,,,,,,,,,,,,,,,,,,,,,,,,,,,,,,,,,,,,,,,,,,,,,,,,,,,,,,,,,,,,,,,,,,,,,,,,,,,,,,,,,,
Nicaragua,157,558,13,-85,305916,513599,660664,852019,1128244,1014658,1050711,936397,852165,628626,720564,938861,977530,1335211,1123519,1008299,1078169,1128928,1036276,197838,681188,575453,725970,778197,619378,454306,444367,316209,232551,207251,264080,231248,13752,9935,51769,22046,12734,13980,10830,8207,7072,8519,9357,9542,9836,10132,10354,10354,10947,11722,11944,12534,,,,,,,,,,,,,,,,,,,,,,,,,,,,,,,,,,,,,,,,,,,,,,,,,,,,
Niger,158,562,16,8,4414,8750,10142,13346,11467,12948,12084,13210,20365,19044,16736,10192,6920,15666,22577,14161,7457,8331,6430,6136,3858,4259,8310,7985,9274,16875,14991,9994,10451,4871,5316,10631,8770,11906,20676,15042,11906,8234,23456,21850,24827,14341,14200,18211,21263,20626,22028,21900,24446,6409,17991,17832,4390,8703,10088,13276,11406,12880,12020,13140,20257,18943,16648,10138,6883,15583,22458,14086,7418,8287,6396,6103,3838,4236,8266,7942,9225,16785,14912,9941,10395,4846,5288,10575,8724,11843,20567,14962,11843,8190,23331,21734,24696,14265,14125,18114,21150,20516,21911,21784,24316,6375,17896,17737
Nigeria,159,566,10,8,539810,539810,455134,497472,486887,486887,551592,285782,592733,965303,408649,397082,515410,301231,517158,629081,860848,415739,390353,306103,285443,221087,207316,132544,114926,372643,559522,659641,684211,993556,1077035,1247585,715774,816831,961232,1169140,1313731,1359471,1429154,1499654,1509041,1545774,1639838,1762063,1942816,2122562,1686584,1839365,1334084,2244788,1053091,1139468,95280,95280,80334,87807,85939,85939,97359,50442,104621,170382,72129,70088,90973,53169,91282,111037,151945,73381,68900,54029,50382,39023,36593,23395,20285,65774,98759,116431,120768,175369,190103,220206,126339,144176,169663,206360,231882,239955,252255,264698,266355,272839,289442,311015,342919,374645,297692,324659,235474,396219,185877,201123
Niue,160,570,-19.0333,-169.8667,,,,,,,,,,,,,,,,,,,,,,,,,,,,,,,,,,,,,,,,,,,,,,,,,,,,,,,,,,,,,,,,,,,,,,,,,,,,,,,,,,,,,,,,,,,,,,,,,,,,,,,,
Northern Mariana Islands,163,580,17.3308300,145.3846900,,,,,,,,,,,,,,,,,,,,,,,,,,,,,,,,,,,,,,,,,,,,,,,,,,,,,,,,,,,,,,,,,,,,,,,,,,,,,,,,,,,,,,,,,,,,,,,,,,,,,,,,
Norway,162,578,62,10,,,,,,,,,,,,,,,,,,,,,,,,,,,,,,,,,,,,,,,,,,,,,,,,,,,,,,,,,,,,,,,,,,,,,,,,,,,,,,,,,,,,,,,,,,,,,,,,,,,,,,,,
Occupied Palestinian Territory,299,,31.7857000,35.2007000,,,,,,,,,,,,,,,,,,,,,,,,,,,,,,,,,,,,,,,,,,,,,,,,,,,,,,,,,,,,,,,,,,,,,,,,,,,,,,,,,,,,,,,,,,,,,,,,,,,,,,,,
Oman,221,512,21,57,,,,,,,,,,,,,,,,,,,,,,,,,,,,,,,,,,,,,,,,,,,,,,,,,,,,,,,,,,,,,,,,,,,,,,,,,,,,,,,,,,,,,,,,,,,,,,,,,,,,,,,,
Pacific Islands Trust Territory,164,,15.1778010,145.7509670,,,,,,,,,,,,,,,,,,,,,,,,,,,,,,,,,,,,,,,,,,,,,,,,,,,,,,,,,,,,,,,,,,,,,,,,,,,,,,,,,,,,,,,,,,,,,,,,,,,,,,,,
Pakistan,165,586,30,70,930394,1051537,1201388,1083976,1197081,1337591,1493820,1518715,1537389,1557308,2030974,2014789,1890301,1820594,1475160,1248272,1649851,1358415,2090443,2051114,2147283,2365169,1419816,2895304,3492530,3788001,4214703,4093723,4179014,4700999,6260794,4420762,3926284,4246596,5173247,4577206,4486301,4293997,5488237,5240142,5182186,4985830,4906312,6965719,6357432,5948695,5403045,5493016,6033724,5341503,6529677,5963110,2042464,2308407,2637369,2379619,2627916,2936372,3279337,3333988,3374982,3418711,4458534,4423004,4149719,3996695,3238374,2740294,3621866,2982086,4589085,4502749,4713864,5192183,3116879,6355972,7667044,8315682,9252408,8986825,9174062,10319959,13744128,9704762,8619250,9322422,11356669,10048201,9848638,9426481,12048158,11503524,11376294,10945240,10770675,15291628,13956276,13058988,11861138,12058650,13245649,11726038,14334399,13090632
Palau,180,585,7.5149800,134.5825200,,,,,,,,,,,,,,,,,,,,,,,,,,,,,,,,,,,,,,,,,,,,,,,,,,,,,,,,,,,,,,,,,,,,,,,,,,,,,,,,,,,,,,,,,,,,,,,,,,,,,,,,
Panama,166,591,9,-80,,,,,,,,,,,,,,,,,,,,,,,,,,,,,,,,,,,,,,,,,,,,,,,,,,,,,,,,,,,,,,,,,,,,,,,,,,,,,,,,,,,,,,,,,,,,,,,,,,,,,,,,
Papua New Guinea,168,598,-6,147,,,,,,,,,,,,,,,,,,,,,,,,,,,,,,,,,,,,,,,,,,,,,,,,,,,,,,,,,,,,,,,,,,,,,,,,,,,,,,,,,,,,,,,,,,,,,,,,,,,,,,,,
Paraguay,169,600,-23,-58,197663,248823,270863,269510,327341,213811,202896,222259,303389,276506,123976,319276,551375,587705,758411,796185,1706124,2123539,1719452,1749775,2504094,2077581,2242009,2824701,3706609,2428878,1870384,4186322,4686282,4921888,4717257,3181482,3371412,3067523,3511173,2515851,1078510,1688406,1537805,1877017,2239905,943591,1326722,2536868,1593229,1382753,806606,489806,138275,116230,251500,171615,,,,,,,,,,,,,,,,,,,,,,,,,,,,,,,,,,,,,,,,,,,,,,,,,,,,
Peru,170,604,-10,-76,597079,658720,661381,622001,582460,535416,405386,453476,400560,408189,384032,336914,352914,372544,401801,248181,261471,299440,368615,387395,429666,386306,158648,305914,439377,458871,302989,422936,471212,355031,275469,160608,142134,258099,333551,413452,224460,146646,211247,226519,202093,189804,202431,269551,301805,308953,275386,188944,128923,169953,195385,202670,697269,769253,772361,726372,680197,625258,473410,529569,467774,476683,448473,393448,412133,435057,469223,289826,305345,349686,430469,452400,501764,451128,185269,357247,513104,535870,353830,493905,550282,414605,321693,187558,165984,301408,389521,482829,262124,171253,246695,264529,236004,221653,236398,314782,352448,360795,321596,220649,150557,198471,228170,236678
Philippines,171,608,13,122,2318,2666,296,383,315,279,226,188,188,139,104,209,157,296,3796,7574,11370,15166,45497,79606,90976,79606,87197,56866,79606,90976,90976,83402,94772,72661,90038,219220,111508,41805,46963,37766,24796,19675,18282,6462,14450,26346,12939,24935,29931,15322,7887,4283,733,207,296,437,,,,,,,,,,,,,,,,,,,,,,,,,,,,,,,,,,,,,,,,,,,,,,,,,,,,
Poland,173,616,52,20,,,,,,,,,,,,,,,,,,,,,,,,,,,,,,,,,,,,,,,,,,,,,,,,,,,,,,,,,,,,,,,,,,,,,,,,,,,,,,,,,,,,,,,,,,,,,,,,,,,,,,,,
Portugal,174,620,39.5,-8,,,,,,,,,,,,,,,,,,,,,,,,,,,,,,,,,,,,,,,,,,,,,,,,,,,,,,,,,,,,,,,,,,,,,,,,,,,,,,,,,,,,,,,,,,,,,,,,,,,,,,,,
Puerto Rico,177,630,18.25,-66.5,,,,,,,,,,,,,,,,,,,,,,,,,,,,,,,,,,,,,,,,,,,,,,,,,,,,,,,,,,,,,,,,,,,,,,,,,,,,,,,,,,,,,,,,,,,,,,,,,,,,,,,,
Qatar,179,634,25.3548260,51.1838840,,,,,,,,,,,,,,,,,,,,,,,,,,,,,,,,,,,,,,,,,,,,,,,,,,,,,,,,,,,,,,,,,,,,,,,,,,,,,,,,,,,,,,,,,,,,,,,,,,,,,,,,
Republic of Korea,117,410,37,127.5,73534,46568,31615,33582,31195,36173,31329,33461,35781,35239,31836,30118,30706,24361,14794,15316,13147,15024,20402,19052,11087,9355,7981,6652,4989,2894,1447,1628,1544,1426,1267,1030,,,,,,,,,,,,,,,,,,,,,13,8,6,6,6,6,6,6,6,6,6,5,5,4,3,3,2,3,4,3,2,2,1,1,1,1,,,,,,,,,,,,,,,,,,,,,,,,,,
Republic of Moldova,146,498,47,29,,,,,,,,,,,,,,,,,,,,,,,,,,,,,,,,,,,,,,,,,,,,,,,,,,,,,,,,,,,,,,,,,,,,,,,,,,,,,,,,,,,,,,,,,,,,,,,,,,,,,,,,
Romania,183,642,46,25,486,59,,,,,,,,,,,7636,20363,15272,509,2545,5091,6109,1018,2036,3054,15272,15272,18326,16290,19345,30166,29732,2292,956,373,59,200,102,77,90,76,87,,,,,,,,,,,,,,,,,,,,,,,,,,,,,,,,,,,,,,,,,,,,,,,,,,,,,,,,,,,,,,,,,
Russian Federation,185,643,60,100,,,,,,,,,,,,,,,,,,,,,,,,,,,,,,,,,,,,,,,,,,,,,,,,,,,,,,,,,,,,,,,,,,,,,,,,,,,,,,,,,,,,,,,,,,,,,,,,,,,,,,,,
Rwanda,184,646,-2,30,2544,2679,2230,3677,2985,2814,3165,2248,2778,2311,2760,2167,2221,899,2140,1618,2221,,,,,,,,,,,,,,,,,,,,,,,,,,,,,,,,,,,,26,28,23,38,31,29,33,23,29,24,29,22,23,9,22,17,23,,,,,,,,,,,,,,,,,,,,,,,,,,,,,,,,,,,
RÃ©union,182,638,-21.1,55.6,,,,,,,,,,,,,,,,,,,,,,,,,,,,,,,,,,,,,,,,,,,,,,,,,,,,,,,,,,,,,,,,,,,,,,,,,,,,,,,,,,,,,,,,,,,,,,,,,,,,,,,,
"Saint Helena, Ascension and Tristan da Cunha",187,654,-15.9333,-5.7,,,,,,,,,,,,,,,,,,,,,,,,,,,,,,,,,,,,,,,,,,,,,,,,,,,,,,,,,,,,,,,,,,,,,,,,,,,,,,,,,,,,,,,,,,,,,,,,,,,,,,,,
Saint Kitts and Nevis,188,659,17.3333,-62.75,999,807,557,599,578,722,300,171,150,92,92,165,292,321,428,478,307,195,49,69,111,68,123,123,123,123,123,123,123,99,60,30,30,40,29,30,20,10,19,9,9,9,9,9,9,9,9,9,9,,,,76,61,42,46,44,55,23,13,11,7,7,13,22,24,33,36,23,15,4,5,8,5,9,9,9,9,9,9,9,8,5,2,2,3,2,2,2,1,1,1,1,1,1,1,1,1,1,1,1,,,
Saint Lucia,189,662,13.8833,-61.1333,,,,,,,,,,,,,,,,,,,,,,,,,,,,,,,,,,,,,,,,,,,,,,,,,,,,,,,,,,,,,,,,,,,,,,,,,,,,,,,,,,,,,,,,,,,,,,,,,,,,,,,,
Saint Pierre and Miquelon,190,666,46.8333,-56.3333,,,,,,,,,,,,,,,,,,,,,,,,,,,,,,,,,,,,,,,,,,,,,,,,,,,,,,,,,,,,,,,,,,,,,,,,,,,,,,,,,,,,,,,,,,,,,,,,,,,,,,,,
Saint Vincent and the Grenadines,191,670,13.25,-61.2,657,1314,328,508,657,657,508,328,328,328,,,,,,,,,,,,,,,,,,,,,,,,,,,,,,,,,,,,,,,,,,,50,100,25,39,50,50,39,25,25,25,,,,,,,,,,,,,,,,,,,,,,,,,,,,,,,,,,,,,,,,,,
Samoa,244,882,-13.5833,-172.3333,,,,,,,,,,,,,,,,,,,,,,,,,,,,,,,,,,,,,,,,,,,,,,,,,,,,,,,,,,,,,,,,,,,,,,,,,,,,,,,,,,,,,,,,,,,,,,,,,,,,,,,,
San Marino,192,674,43.7667,828341,,,,,,,,,,,,,,,,,,,,,,,,,,,,,,,,,,,,,,,,,,,,,,,,,,,,,,,,,,,,,,,,,,,,,,,,,,,,,,,,,,,,,,,,,,,,,,,,,,,,,,,,
Sao Tome and Principe,193,678,1,7,,,,,,,,,,,,,,,,,,,,,,,,,,,,,,,,,,,,,,,,,,,,,,,,,,,,,,,,,,,,,,,,,,,,,,,,,,,,,,,,,,,,,,,,,,,,,,,,,,,,,,,,
Saudi Arabia,194,682,25,45,,,,,,,,,,,,,,,,,,,,,,,,,,,,,,,,,,,,,,,,,,,,,,,,,,,,,,,,,,,,,,,,,,,,,,,,,,,,,,,,,,,,,,,,,,,,,,,,,,,,,,,,
Senegal,195,686,14,-14,2820,2125,5133,246,2012,7645,27319,63892,70988,76628,140308,155453,217787,277032,204983,302047,242374,227937,177273,131332,275758,325112,208497,329834,192605,186931,265125,270654,211670,255994,358945,338239,328186,209521,226431,280892,284246,80321,87944,151142,257042,250385,383866,249571,237736,356113,304744,265115,151342,181638,225283,240392,,,,,,,,,,,,,,,,,,,,,,,,,,,,,,,,,,,,,,,,,,,,,,,,,,,,
Serbia and Montenegro,186,,43.8740424,21.3175303,,,,,,,,,,,,,,,,,,,,,,,,,,,,,,,,,,,,,,,,,,,,,,,,,,,,,,,,,,,,,,,,,,,,,,,,,,,,,,,,,,,,,,,,,,,,,,,,,,,,,,,,
Serbia,272,688,44,21,,,,,,,,,,,,,,,,,,,,,,,,,,,,,,,,,,,,,,,,,,,,,,,,,,,,,,,,,,,,,,,,,,,,,,,,,,,,,,,,,,,,,,,,,,,,,,,,,,,,,,,,
Seychelles,196,690,-4.5833,55.6667,,,,,,,,,,,,,,,,,,,,,,,,,,,,,,,,,,,,,,,,,,,,,,,,,,,,,,,,,,,,,,,,,,,,,,,,,,,,,,,,,,,,,,,,,,,,,,,,,,,,,,,,
Sierra Leone,197,694,8.4605550,-11.7798890,,,,,,,,,,,,,,,,,,,,,,,,,,,,,,,,,,,,,,,,,,,,,,,,,,,,,,,,,,,,,,,,,,,,,,,,,,,,,,,,,,,,,,,,,,,,,,,,,,,,,,,,
Singapore,200,702,1.3520830,103.8198360,,,,,,,,,,,,,,,,,,,,,,,,,,,,,,,,,,,,,,,,,,,,,,,,,,,,,,,,,,,,,,,,,,,,,,,,,,,,,,,,,,,,,,,,,,,,,,,,,,,,,,,,
Slovakia,199,703,48.6667,41778,,,,,,,,,,,,,,,,,,,,,,,,,,,,,,,,,,,,,,,,,,,,,,,,,,,,,,,,,,,,,,,,,,,,,,,,,,,,,,,,,,,,,,,,,,,,,,,,,,,,,,,,
Slovenia,198,705,46,15,,,,,,,,,,,,,,,,,,,,,,,,,,,,,,,,,,,,,,,,,,,,,,,,,,,,,,,,,,,,,,,,,,,,,,,,,,,,,,,,,,,,,,,,,,,,,,,,,,,,,,,,
Solomon Islands,25,90,-8,159,,,,,,,,,,,,,,,,,,,,,,,,,,,,,,,,,,,,,,,,,,,,,,,,,,,,,,,,,,,,,,,,,,,,,,,,,,,,,,,,,,,,,,,,,,,,,,,,,,,,,,,,
Somalia,201,706,5.1521490,46.1996160,21390,26738,15307,19550,19608,19608,19608,21390,21390,23173,27143,16968,8996,7183,17957,18857,19753,19753,24240,24240,17957,29632,24240,24240,24240,24240,37715,35915,17957,17957,17957,23728,35915,31086,36712,45858,44999,35650,41464,35915,35420,37420,37403,37781,38962,38295,38997,39114,39114,39114,44102,41162,14029,17537,10039,12822,12860,12860,12860,14029,14029,15199,17803,11129,5901,4711,11778,12368,12956,12956,15899,15899,11778,19435,15899,15899,15899,15899,24736,23556,11778,11778,11778,15563,23556,20389,24079,30078,29514,23382,27195,23556,23231,24543,24532,24780,25555,25117,25577,25654,25654,25654,28926,26998
South Africa,202,710,-29,24,21131,29861,55128,45940,76259,60637,45103,55365,85278,59648,51656,51526,59554,137989,142381,52061,122637,180209,199128,231271,201696,129693,95556,116402,158859,159842,201751,269896,258541,205783,159854,72723,43746,93251,87666,156082,99702,143259,174617,103953,137105,70150,62741,109006,66715,56368,42130,38183,32837,29949,66715,47043,57795,81673,150781,125651,208576,165849,123362,151430,233245,163145,141285,140930,162888,377414,389428,142393,335426,492891,544637,632552,551662,354725,261356,318373,434497,437185,551812,738195,707137,562840,437217,198906,119651,255052,239776,426901,272695,391829,477598,284323,374997,191869,171605,298143,182474,154172,115230,104435,89814,81915,182474,128669
South Sudan,277,728,12.8628070,30.2176360,,,,,,,,,,,,,,,,,,,,,,,,,,,,,,,,,,,,,,,,,,,,,,,,,,,,,,,,,,,,,,,,,,,,,,,,,,,,,,,,,,,,,,,,,,,,,,,,,,,,,,,,
Spain,203,724,40,-4,121308,128476,110548,87430,92778,102300,74000,87849,67095,61997,49206,65686,52744,60084,50270,45385,53636,36317,46693,68293,78444,60646,45661,58994,77542,95817,90670,134048,68390,89418,90333,73010,32328,47745,36006,98246,129019,118031,138460,103473,112453,106757,102931,123084,121517,50917,44330,19881,28229,40968,61625,67390,655621,694362,597469,472521,501426,552887,399938,474787,362620,335070,265940,355005,285060,324732,271688,245288,289880,196279,252357,369095,423957,327767,246777,318840,419080,517849,490034,724475,369622,483265,488213,394589,174719,258042,194600,530980,697294,637909,748321,559228,607761,576978,556299,665220,656751,275187,239583,107446,152565,221413,333057,364217
Sri Lanka,38,144,7,81,18967,1501,10873,4022,6090,11383,10264,4119,12966,9277,13185,16979,18004,19996,39214,50160,41604,60765,72091,30221,36045,29121,9486,453,19,95,95,36,93,17,,,,,,,,,,,,,,,,,,,,,,,5455,432,3127,1157,1751,3274,2952,1185,3729,2668,3792,4883,5178,5751,11277,14426,11965,17475,20733,8691,10366,8375,2728,130,5,27,27,10,27,5,,,,,,,,,,,,,,,,,,,,,,
Sudan (former),206,729,15,30,710811,1283871,971821,617792,923838,931027,1112949,1092890,1359235,1400139,1516095,1420919,1152512,1561586,1381547,655577,962837,1183812,736631,696742,586053,931112,1163142,1321252,1233323,872601,1025670,695147,817022,724068,515941,344255,296930,324201,522530,585148,443420,332432,296167,303799,459999,356779,421833,492484,643540,538018,514837,226501,357744,99822,146118,593027,1542701,2786434,2109180,1340817,2005042,2020643,2415476,2371941,2950001,3038775,3290441,3083875,2501340,3389170,2998424,1422824,2089683,2569274,1598739,1512167,1271933,2020829,2524411,2867565,2676730,1893840,2226051,1508704,1773213,1571474,1119766,747151,644440,703627,1134068,1269970,962371,721490,642782,659347,998354,774332,915520,1068858,1396700,1167682,1117372,491583,776426,216648,317125,1287069
Sudan,276,736,15,30,710811,1283871,971821,617792,923838,931027,1112949,1092890,1359235,1400139,1516095,1420919,1152512,1561586,1381547,655577,962837,1183812,736631,696742,586053,931112,1163142,1321252,1233323,872601,1025670,695147,817022,724068,515941,344255,296930,324201,522530,585148,443420,332432,296167,303799,459999,356779,421833,492484,643540,538018,514837,226501,357744,99822,146118,593027,1542701,2786434,2109180,1340817,2005042,2020643,2415476,2371941,2950001,3038775,3290441,3083875,2501340,3389170,2998424,1422824,2089683,2569274,1598739,1512167,1271933,2020829,2524411,2867565,2676730,1893840,2226051,1508704,1773213,1571474,1119766,747151,644440,703627,1134068,1269970,962371,721490,642782,659347,998354,774332,915520,1068858,1396700,1167682,1117372,491583,776426,216648,317125,1287069
Suriname,207,740,4,-56,,,,,,,,,,,,,,,,,,,,,,,,,,,,,,,,,,,,,,,,,,,,,,,,,,,,,,,,,,,,,,,,,,,,,,,,,,,,,,,,,,,,,,,,,,,,,,,,,,,,,,,,
Swaziland,209,748,-26.5,41790,42594,23248,33868,26862,35623,46488,67568,44667,33897,41200,58345,64102,73139,104508,120956,108806,84015,127411,91515,132534,142982,82240,51869,102163,98413,113699,85789,152056,186178,225338,228653,50939,87363,65179,42376,95818,140997,113447,128861,65870,53242,34121,10691,28414,27782,8567,6389,7762,8540,10471,9909,9369,,,,,,,,,,,,,,,,,,,,,,,,,,,,,,,,,,,,,,,,,,,,,,,,,,,,
Sweden,210,752,62,15,,,,,,,,,,,,,,,,,,,,,,,,,,,,,,,,,,,,,,,,,,,,,,,,,,,,,,,,,,,,,,,,,,,,,,,,,,,,,,,,,,,,,,,,,,,,,,,,,,,,,,,,
Switzerland,211,756,47,8,,,,,,,,,,,,,,,,,,,,,,,,,,,,,,,,,,,,,,,,,,,,,,,,,,,,,,,,,,,,,,,,,,,,,,,,,,,,,,,,,,,,,,,,,,,,,,,,,,,,,,,,
Syrian Arab Republic,212,760,35,38,22946,28537,29039,33341,34076,26787,23804,28308,27360,27898,29390,29628,29395,28636,27658,29291,28329,27148,24407,22460,24985,29728,36913,30078,32048,29814,23603,33897,29583,30307,38925,48400,41214,37655,41225,50753,70428,63861,60104,68274,66053,48975,54893,64976,65555,46525,40887,42753,43644,32060,32801,21780,702612,873818,889189,1020940,1043442,820238,728889,866814,837770,854250,899944,907218,900094,876843,846924,896913,867455,831295,747376,687736,765061,910281,1130296,921007,981342,912926,722744,1037958,905853,928030,1191902,1482045,1262008,1153011,1262340,1554088,2156546,1955468,1840425,2090598,2022600,1499646,1680876,1989626,2007337,1424641,1251992,1309120,1336424,981690,1004405,666930
Tajikistan,208,762,39,71,,,,,,,,,,,,,,,,,,,,,,,,,,,,,,,,233770,279544,263999,204646,179457,173023,180242,152176,149996,226464,257726,268197,268920,231728,217021,213794,179258,142095,148492,169378,189529,,,,,,,,,,,,,,,,,,,,,,,,,,,,,,,,1647284,1969831,1860296,1442059,1264561,1219223,1270091,1072320,1056963,1595802,1816088,1889874,1894973,1632892,1529258,1506517,1263156,1001283,1046360,1193538,1335537
Thailand,216,764,15,100,135291,145888,171674,173440,211237,313676,285064,413643,154365,94668,143062,174500,100330,199146,101546,94799,320600,262873,504104,680232,620758,430980,421149,280560,358577,202268,262531,372763,303182,341579,454527,350328,235165,275198,285244,265431,180152,142730,122171,128798,214112,49789,48546,50552,49683,35854,33618,33558,31403,29926,25433,26493,,,,,,,,,,,,,,,,,,,,,,,,,,,,,,,,,,,,,,,,,,,,,,,,,,,,
The former Yugoslav Republic of Macedonia,154,807,41.8333,22,,,,,,,,,,,,,,,,,,,,,,,,,,,,,,,,27,15,15,6,8,8,,,,,,,,,,,,,,,,,,,,,,,,,,,,,,,,,,,,,,,,,,,,,,,,,,,,,,,,,,,,,,,,,,,
Timor-Leste,176,626,-8.55,125.5167,,,,,,,,,,,,,,,,,,,,,,,,,,,,,,,,,,,,,,,,,,,,,,,,,,,,,,,,,,,,,,,,,,,,,,,,,,,,,,,,,,,,,,,,,,,,,,,,,,,,,,,,
Togo,217,768,8,-85099,36519,37913,27620,37711,38828,38791,47171,32124,41585,23112,25747,32124,25140,39107,48884,44536,32124,22638,59426,96770,111261,104917,147981,133831,298663,342445,415843,389649,435155,457340,522435,533602,506542,659596,543589,667568,838336,890424,637076,631163,774821,898692,909499,901387,311759,190797,235732,148422,130449,203184,387787,326516,,,,,,,,,,,,,,,,,,,,,,,,,,,,,,,,,,,,,,,,,,,,,,,,,,,,
Tokelau,218,772,-9,-172,,,,,,,,,,,,,,,,,,,,,,,,,,,,,,,,,,,,,,,,,,,,,,,,,,,,,,,,,,,,,,,,,,,,,,,,,,,,,,,,,,,,,,,,,,,,,,,,,,,,,,,,
Tonga,219,776,-20,-175,,,,,,,,,,,,,,,,,,,,,,,,,,,,,,,,,,,,,,,,,,,,,,,,,,,,,,,,,,,,,,,,,,,,,,,,,,,,,,,,,,,,,,,,,,,,,,,,,,,,,,,,
Trinidad and Tobago,220,780,11,-61,,,,,,,,,,,,,,,,,,,,,,,,,,,,,,,,,,,,,,,,,,,,,,,,,,,,,,,,,,,,,,,,,,,,,,,,,,,,,,,,,,,,,,,,,,,,,,,,,,,,,,,,
Tunisia,222,788,34,9,1602,1257,1212,1139,551,478,74,257,1213,257,1213,,,,,,,,,,,,,,,,,748,949,2435,3551,3433,3674,9604,8233,11525,7203,6135,5462,5493,6466,5561,4984,6324,6514,4754,4807,3933,3121,4082,4696,4719,,,,,,,,,,,,,,,,,,,,,,,,,,,,,,,,,,,,,,,,,,,,,,,,,,,,
Turkey,223,792,39,35,284669,327874,342736,433801,432490,507046,525704,577772,530940,530940,692877,721487,680701,794269,637128,630262,763060,630492,632094,663675,647747,649074,692877,769863,687568,687568,712503,862778,818975,868884,742555,759531,789362,822106,1114528,1035246,1082317,1158872,1033269,1150246,1196570,1292103,1199440,1231040,1132164,1282702,1141147,893408,847182,1055907,1267089,1131437,1394831,1606529,1679351,2125554,2119128,2484443,2575861,2830986,2601519,2601519,3394982,3535165,3335323,3891788,3121823,3088178,3738865,3089304,3097154,3251899,3173853,3180357,3394982,3772202,3368967,3368967,3491148,4227468,4012843,4257386,3638394,3721575,3867743,4028183,5461003,5072535,5303171,5678279,5062845,5636013,5862993,6331089,5877054,6031891,5547414,6285026,5591429,4377549,4151049,5173771,6208525,5543854
Turkmenistan,213,795,40,60,,,,,,,,,,,,,,,,,,,,,,,,,,,,,,,,1152370,1146017,1143608,1113548,382251,554272,460865,813137,749868,1054126,671360,685955,963256,961605,671360,913733,964297,642396,657095,568866,577953,,,,,,,,,,,,,,,,,,,,,,,,,,,,,,,,5507016,5476659,5465146,5321494,1826726,2648788,2202411,3885869,3583516,5037524,3208337,3278084,4603267,4595378,3208337,4366602,4608240,3069924,3140169,2718534,2761960
Turks and Caicos Islands,224,796,21.75,-71.5833,,,,,,,,,,,,,,,,,,,,,,,,,,,,,,,,,,,,,,,,,,,,,,,,,,,,,,,,,,,,,,,,,,,,,,,,,,,,,,,,,,,,,,,,,,,,,,,,,,,,,,,,
Tuvalu,227,798,-8,178,,,,,,,,,,,,,,,,,,,,,,,,,,,,,,,,,,,,,,,,,,,,,,,,,,,,,,,,,,,,,,,,,,,,,,,,,,,,,,,,,,,,,,,,,,,,,,,,,,,,,,,,
USSR,228,810,61.766194,85.078125,3877016,3750171,4458683,4560533,4903125,5199008,5165121,5070068,4867169,5508486,5996122,6045105,6343770,6477025,6735754,6680732,6983293,7005187,6659937,7259190,7536468,7256214,6843478,6247718,7153672,6788973,6392360,7101480,6926865,6628007,6218379,,,,,,,,,,,,,,,,,,,,,,13890030,13435588,15973946,16338839,17566231,18626281,18504873,18164332,17437414,19735033,21482068,21657559,22727574,23204980,24131917,23934793,25018765,25097204,23860292,26007212,27000605,25996551,24517856,22383450,25629176,24322583,22901653,25442189,24816602,23745896,22278341,,,,,,,,,,,,,,,,,,,,,
Uganda,226,800,1,32,2694123,1342271,2612716,2761291,3179176,3234570,3161545,2509380,3077655,3465653,3064535,3048491,3184871,2005586,1279564,990759,553542,816327,244681,164458,204570,204570,399165,481643,656255,356196,232382,200115,192270,236304,329103,273070,445042,463197,475620,688375,459954,590486,632539,868007,564958,842387,846601,971736,775615,986912,494974,903248,535019,1004323,1828343,701928,,,,,,,,,,,,,,,,,,,,,,,,,,,,,,,,,,,,,,,,,,,,,,,,,,,,
Ukraine,230,804,49,32,,,,,,,,,,,,,,,,,,,,,,,,,,,,,,,,,,,,,,,,,,,,,,,,,,,,,,,,,,,,,,,,,,,,,,,,,,,,,,,,,,,,,,,,,,,,,,,,,,,,,,,,
United Arab Emirates,225,784,24,54,,,,,,,,,,,,,,,,,,,,,,,,,,,,,,,,,,,,,,,,,,,,,,,,,,,,,,,,,,,,,,,,,,,,,,,,,,,,,,,,,,,,,,,,,,,,,,,,,,,,,,,,
United Kingdom,229,826,54,-2,,,,,,,,,,,,,,,,,,,,,,,,,,,,,,,,,,,,,,,,,,,,,,,,,,,,,,,,,,,,,,,,,,,,,,,,,,,,,,,,,,,,,,,,,,,,,,,,,,,,,,,,
United Republic of Tanzania,215,834,-6,35,705750,817769,1002866,1119897,1410951,1658901,1490852,1080788,1462761,1633131,1375502,1647454,1395512,1512214,886302,1411730,1124440,1177727,1211242,1211929,937575,902243,938667,1093349,736170,1536156,1664856,1337792,795023,1025913,1901451,1883758,1047426,889666,1778178,1788923,1464035,774372,743103,866777,1706470,1228838,1110075,2354147,2615183,917035,1463502,2579198,1846531,2003925,1134974,2083589,38620,44750,54879,61283,77211,90779,81583,59143,80046,89369,75271,90153,76366,82752,48501,77253,61532,64448,66282,66320,51306,49373,51366,59831,40285,84062,91105,73207,43506,56140,104052,103084,57318,48685,97306,97894,80116,42376,40664,47432,93382,67245,60746,128825,143109,50182,80086,141140,101047,109660,62109,114019
United States Virgin Islands,240,850,18.3333,-64.8333,,,,,,,,,,,,,,,,,,,,,,,,,,,,,,,,,,,,,,,,,,,,,,,,,,,,,,,,,,,,,,,,,,,,,,,,,,,,,,,,,,,,,,,,,,,,,,,,,,,,,,,,
United States of America,231,840,38,-97,18659059,19327413,19847114,19720544,19423651,12459286,9783497,14314841,12978879,13189438,13595081,17685432,16686444,14872745,10682412,13628062,18480129,14007872,18892961,14413053,20343350,15460948,10040376,16779134,17327788,12541551,19025188,19884782,15659995,19921349,22727782,20833233,20813678,25290098,22975300,24247277,23960743,17889126,21690871,21973965,25860811,21835315,23229626,29391195,30039590,26345562,24167235,16067518,15317945,22713128,19721429,20795810,7972405,8257971,8480022,8425943,8299090,5323445,4180168,6116263,5545450,5635415,5808733,7556407,7129571,6354637,4564245,5822825,7895955,5985105,8072344,6158226,8692048,6605957,4289924,7169175,7403597,5358595,8128840,8496117,6691003,8511741,9710838,8901359,8893004,10805631,9816594,10360068,10237642,7643438,9267799,9388756,11049478,9329516,9925259,12557896,12834934,11256597,10325869,6865125,6544857,9704577,8426321,8885369
Uruguay,234,858,-33,-56,2737,5140,10243,10999,6896,5153,4230,3795,2888,3728,3761,5978,11301,4601,3369,3482,2940,3049,1612,397,80,65,48,99,590,2183,662,714,880,561,561,2322,,,,,,,,,,,,,,,,,,,,,46,86,171,184,115,86,71,64,48,62,63,100,189,77,56,58,49,51,27,7,1,1,1,2,10,37,11,12,15,9,9,39,,,,,,,,,,,,,,,,,,,,
Uzbekistan,235,860,41,64,,,,,,,,,,,,,,,,,,,,,,,,,,,,,,,,1295406,1342615,1274407,1280774,1094503,1114590,1134351,1065449,988343,1037487,1020331,950977,1162020,1256458,1187037,1157749,1257524,1104119,1122004,1008930,1064529,,,,,,,,,,,,,,,,,,,,,,,,,,,,,,,,12334514,12784026,12134569,12195194,10421569,10612831,10800988,10144923,9410743,9878675,9715327,9054956,11064449,11963664,11302658,11023780,11973808,10513130,10683431,9606762,10136165
Vanuatu,155,548,-16,167,,,,,,,,,,,,,,,,,,,,,,,,,,,,,,,,,,,,,,,,,,,,,,,,,,,,,,,,,,,,,,,,,,,,,,,,,,,,,,,,,,,,,,,,,,,,,,,,,,,,,,,,
Venezuela (Bolivarian Republic of),236,862,8,-66,76806,103616,92478,113165,130763,110819,117260,116491,135470,123285,147283,165924,191896,214058,278234,188305,185144,175419,151194,152694,79582,56364,113051,131774,244448,273972,173187,219701,277774,276431,236010,217822,146643,164546,109198,136502,192247,99495,66966,12693,16857,21863,33509,58273,52927,46072,42860,30017,26906,27030,14226,15649,34209,46150,41189,50403,58242,49359,52227,51885,60338,54911,65600,73902,85470,95341,123925,83870,82463,78131,67341,68009,35446,25104,50352,58692,108877,122026,77137,97854,123720,123122,105118,97017,65314,73288,48637,60798,85627,44315,29827,5654,7508,9738,14925,25955,23574,20520,19090,13369,11984,12039,6336,6970
Viet Nam,237,704,16,106,22095,21445,20470,19496,17871,13257,12997,12997,11697,9748,6823,6499,5849,6499,14297,14622,18781,19561,14492,13712,15012,22550,26579,29438,28918,29893,27749,27164,21445,20145,53938,83181,33792,56537,116324,72783,90979,142967,144267,122172,218350,259941,228098,167662,217700,185858,104626,51988,78632,81232,83125,57375,,,,,,,,,,,,,,,,,,,,,,,,,,,,,,,,,,,,,,,,,,,,,,,,,,,,
Wallis and Futuna Islands,243,876,-13.3,-176.2,,,,,,,,,,,,,,,,,,,,,,,,,,,,,,,,,,,,,,,,,,,,,,,,,,,,,,,,,,,,,,,,,,,,,,,,,,,,,,,,,,,,,,,,,,,,,,,,,,,,,,,,
Western Sahara,205,732,24.2155270,-12.8858340,,,,,,,,,,,,,,,,,,,,,,,,,,,,,,,,,,,,,,,,,,,,,,,,,,,,,,,,,,,,,,,,,,,,,,,,,,,,,,,,,,,,,,,,,,,,,,,,,,,,,,,,
Yemen,249,887,15,48,28776,37442,48507,31568,57805,21441,25024,17074,30978,29574,49944,52058,63206,66081,49804,47723,26544,34783,31047,18446,36892,39767,39767,34400,11068,35358,35358,14405,24040,14459,13449,23281,26080,20447,22802,29416,36245,43415,46063,51046,53531,53135,53657,36028,37930,40581,43020,44489,45903,46177,50361,37984,92592,120478,156079,101574,185997,68989,80518,54940,99678,95160,160703,167506,203377,212629,160253,153556,85409,111922,99899,59353,118706,127957,127957,110688,35612,113772,113772,46350,77352,46524,43275,74910,83916,65792,73369,94651,116623,139695,148215,164250,172247,170972,172651,115926,122045,130577,138425,143150,147700,148581,162044,122221
Yugoslav SFR,248,891,43.925783,17.605005,18244,18488,27118,22431,16621,17884,30961,26133,28202,36550,30458,21662,23453,21122,19330,15409,8804,5108,4329,1792,2755,2675,2219,2654,2685,2855,1263,1187,2064,215,111,,,,,,,,,,,,,,,,,,,,,,,,,,,,,,,,,,,,,,,,,,,,,,,,,,,,,,,,,,,,,,,,,,,,,,,,,
Zambia,251,894,-13.1338970,27.8493320,,,1185,3175,4243,10716,3596,8154,12864,10687,22431,16604,9132,4551,5082,7479,15765,20651,30173,30342,34743,25859,41906,88813,61196,67427,40522,118096,106280,61841,98380,52272,92602,64049,31318,74814,128691,119173,285667,116303,128228,148936,182555,219444,271006,223605,260885,234701,253499,199199,244596,502204,,,2,5,6,16,5,12,19,16,34,25,14,7,8,11,24,31,46,46,53,39,63,135,93,102,61,179,161,94,149,79,140,97,47,113,195,181,433,176,194,226,277,332,411,339,395,356,384,302,371,761
Zimbabwe,181,716,-20,30,10190,4387,27278,50889,126948,202390,346814,439338,1219114,751594,1059493,1257240,984349,1445203,1293485,1080605,1094538,1262984,1104199,1197836,1297154,1025652,1114107,1986649,2257721,1954245,1903956,2540397,2036962,1469866,1571175,469406,1478927,1325981,801732,1913840,2212543,2075729,2232261,2738790,2751681,1600138,1830672,2258940,1617553,1588111,1771381,2564159,1768826,840512,2007495,2127434,91,39,243,453,1129,1800,3085,3908,10845,6686,9425,11184,8756,12856,11506,9612,9736,11235,9822,10655,11539,9124,9910,17672,20083,17384,16937,22598,18120,13075,13976,4176,13156,11795,7132,17024,19682,18465,19857,24363,24477,14234,16285,20094,14389,14127,15757,22809,15735,7477,17858,18924
